repo,commits_source,commits_earliest_week_unix,commits_coverage_weeks,contributors_status,contributors_total_rows,issues_api_status,issues_total_rows,releases_api_status,releases_total_rows
3D-e-Chem/3D-e-Chem-VM,git,1452384000,all,ok_git,49,ok,27,ok,9
3D-e-Chem/knime-gpcrdb,git,1452384000,all,ok_git,32,ok,27,ok,12
3D-e-Chem/knime-klifs,git,1462665600,all,ok_git,22,ok,6,ok,6
3D-e-Chem/knime-kripodb,git,1454803200,all,ok_git,42,ok,27,ok,19
3D-e-Chem/knime-molviewer,git,1470528000,all,ok_git,32,ok,28,ok,11
3D-e-Chem/knime-pharmacophore,git,1497744000,all,ok_git,25,ok,11,ok,5
3D-e-Chem/knime-plants,git,1480204800,all,ok_git,20,ok,15,ok,5
3D-e-Chem/knime-python-node-archetype,git,1463270400,all,ok_git,13,ok,3,ok,5
3D-e-Chem/knime-python-wrapper,git,1468108800,all,ok_git,18,ok,7,ok,6
3D-e-Chem/knime-silicos-it,git,1492300800,all,ok_git,16,ok,8,ok,6
3D-e-Chem/knime-sstea,git,1462060800,all,ok_git,15,ok,11,ok,6
3D-e-Chem/knime-testflow,git,1465689600,all,ok_git,17,ok,11,ok,3
3D-e-Chem/sygma,git,1467504000,all,ok_git,11,ok,8,ok,1
3D-e-Chem/tycho-knime-node-archetype,git,1463270400,all,ok_git,24,ok,25,ok,15
524D/compareMS2,git,1613260800,all,ok_git,69,ok,63,ok,20
524D/mzrecal,git,1532217600,all,ok_git,70,ok,5,ok,10
AA-ALERT/AMBER,git,1426982400,all,ok_git,94,ok,13,ok,3
AA-ALERT/frbcat-web,git,1495929600,all,ok_git,24,ok,1,ok,5
AA-ALERT/frbcatdb,git,1471132800,all,ok_git,36,ok,0,ok,3
ADAH-EviDENce/evidence,git,1552780800,all,ok_git,60,ok,78,ok,3
AI4S2S/lilio,git,1651968000,all,ok_git,107,ok,40,ok,6
AI4S2S/s2spy,git,1651968000,all,ok_git,88,ok,72,ok,6
ANNUBS/annubes,git,1699747200,all,ok_git,48,ok,37,ok,2
AmruteLab/PyChelator,git,1690070400,all,ok_git,34,ok,1,ok,1
ArenA-Crowds/Crowds,git,1485648000,all,ok_git,14,not_attempted,0,ok,4
Basvanstein/GSAreport,git,1641081600,all,ok_git,29,ok,10,ok,5
Basvanstein/doe2vec,git,1658620800,all,ok_git,12,ok,0,ok,3
BirdsCanada/naturecounts,git,1547942400,all,ok_git,59,ok,39,ok,4
BlueObelisk/cmlxom,git,1220140800,all,ok_git,154,ok,7,ok,15
BlueObelisk/euclid,git,1223769600,all,ok_git,150,ok,14,ok,14
BlueObelisk/pybacting,git,1627171200,all,ok_git,27,ok,8,ok,20
Building-acoustics-TU-Eindhoven/edg-acoustics,git,1668297600,all,ok_git,49,ok,11,ok,1
CLARIAH/grlc,git,1446940800,all,ok_git,336,ok,234,ok,16
CanDIG/CanDIGv2,git,1541289600,all,ok_git,449,ok,48,ok,9
CityRiverSpaces/CRiSp,git,1713657600,all,ok_git,128,ok,166,ok,4
CityRiverSpaces/rcoins,git,1728777600,all,ok_git,30,ok,30,ok,6
CityRiverSpaces/rcrisp-app,git,1750550400,all,ok_git,7,ok,9,ok,1
CityRiverSpaces/visor,git,1734825600,all,ok_git,20,ok,5,ok,1
Climate-REF/climate-ref,git,1728172800,all,ok_git,172,ok,190,ok,22
Computational-Biology-TUe/mixed_meal_model_sbml,git,1711843200,all,ok_git,8,ok,4,ok,2
ComputationalBiomechanicsLab/opensim-creator,git,1601164800,all,ok_git,276,ok,1061,ok,45
ComputeCanada/magic_castle,git,1521331200,all,ok_git,276,ok,174,ok,97
DEEPDIP-project/AttentionLayer.jl,git,1731196800,all,ok_git,25,ok,5,ok,5
DEEPDIP-project/ConvolutionalNeuralOperator.jl,git,1731196800,all,ok_git,25,ok,4,ok,3
DEEPDIP-project/CoupledNODE.jl,git,1708214400,all,ok_git,86,ok,44,ok,3
DecodingRaphael/unraphael,git,1695513600,all,ok_git,45,ok,55,ok,4
DeepRank/DeepRank-GNN,git,1531008000,all,ok_git,83,ok,9,ok,2
DeepRank/deeprank,git,1505001600,all,ok_git,160,ok,167,ok,3
DeepRank/deeprank2,git,1531008000,all,ok_git,417,ok,342,ok,15
DeepRank/iScore,git,1528588800,all,ok_git,41,ok,24,ok,4
DeepRank/pdb2sql,git,1508630400,all,ok_git,71,ok,45,ok,11
DeepRank/pssmgen,git,1534636800,all,ok_git,15,ok,14,ok,5
DroneML/CoeusAI,git,1728172800,all,ok_git,24,ok,37,ok,7
DroneML/pycoeus,git,1727568000,all,ok_git,36,ok,62,ok,12
Dvermetten/BIAS,git,1628380800,all,ok_git,40,ok,0,ok,3
DynaSlum/satsense,git,1478995200,all,ok_git,107,ok,38,ok,2
EC-Earth/ece2cmor3,git,1472342400,all,ok_git,598,ok,701,ok,25
EIT-ALIVE/eitprocessing,git,1679184000,all,ok_git,177,ok,229,ok,36
EOSC-LOFAR/lofar-ld,git,1529798400,all,ok_git,8,ok,5,ok,1
EPiCs-group/chemspax,git,1598140800,all,ok_git,63,ok,12,ok,0
ERA-URBAN/fm128_radar,git,1482019200,all,ok_git,7,ok,2,ok,4
ERA-URBAN/netcdf2littler,git,1434240000,all,ok_git,22,ok,3,ok,1
ESI-FAR/INA-tool,git,1710633600,all,ok_git,72,ok,109,ok,2
ESI-FAR/RESCUE-cosimplat-py,none,,0,not_available,0,not_available,0,not_available,0
ESI-FAR/emissionfactor-nl,git,1736640000,all,ok_git,6,ok,9,ok,2
ESI-FAR/h2-scenario-explorer,git,1737849600,all,ok_git,11,ok,21,ok,0
ESI-FAR/h2-scenario-preprocessing,git,1733011200,all,ok_git,8,not_attempted,0,ok,0
ESMValGroup/ESMValCore,git,1486857600,all,ok_git,1887,ok,1160,ok,59
ESMValGroup/ESMValTool,git,1486857600,all,ok_git,2115,ok,1604,ok,25
EXCITED-CO2/excited-workflow,git,1685836800,all,ok_git,26,ok,35,ok,1
EcoExtreML/STEMMUS_SCOPE,git,1636848000,all,ok_git,261,ok,161,ok,21
EcoExtreML/STEMMUS_SCOPE_Processing,git,1651363200,all,ok_git,106,ok,68,ok,7
EcoExtreML/infra,git,1676764800,all,ok_git,9,ok,2,ok,0
EcoExtreML/zampy,git,1680393600,all,ok_git,47,ok,46,ok,1
ExploreASL/ExploreASL,git,1576368000,all,ok_git,363,ok,1254,ok,23
EyeofBeholder-NLeSC/orange3-argument,git,1670716800,all,ok_git,36,ok,87,ok,3
FAIR-data-for-CAPACITY/FHIR-to-CAPACITY,git,1601164800,all,ok_git,7,ok,12,ok,2
FZJ-JSC/JUBE,git,1413676800,all,ok_git,334,ok,14,ok,12
FZJ-JSC/JURI,git,1700352000,all,ok_git,45,not_attempted,0,ok,10
FZJ-JSC/LLview,git,1699747200,all,ok_git,58,ok,2,ok,10
FastMLC/fMLC,git,1505001600,all,ok_git,12,not_attempted,0,ok,1
Filter-Bubble/e2e-Dutch,git,1593302400,all,ok_git,31,ok,26,ok,6
Filter-Bubble/stroll,git,1581206400,all,ok_git,30,ok,14,ok,3
FormingWorlds/PROTEUS,git,1541289600,all,ok_git,330,ok,309,ok,9
GCRC/nunaliit,git,1348358400,all,ok_git,599,ok,898,ok,1
GEMDAT-repos/GEMDAT,git,1686441600,all,ok_git,103,ok,176,ok,17
GO-Eratosthenes/dhdt,git,1589068800,all,ok_git,130,ok,64,ok,0
GalerkinToolkit/GalerkinToolkit.jl,git,1653177600,all,ok_git,163,ok,44,ok,7
GeoSensorWebLab/arctic-biomap-server,git,1440288000,all,ok_git,5,not_attempted,0,ok,4
GeoSensorWebLab/arctic-portal,git,1423353600,all,ok_git,17,ok,0,ok,1
GooglingTheCancerGenome/sv-callers,git,1491696000,all,ok_git,121,ok,75,ok,8
GooglingTheCancerGenome/sv-channels,git,1505001600,all,ok_git,183,ok,80,ok,2
GooglingTheCancerGenome/sv-gen,git,1522540800,all,ok_git,48,ok,36,ok,2
GrainLearning/grainLearning,git,1451779200,all,ok_git,150,ok,33,ok,5
ICOS-Carbon-Portal/meta,git,1431216000,all,ok_git,763,ok,131,ok,0
ICOS-Carbon-Portal/pylib,git,1584835200,all,ok_git,194,ok,95,ok,0
IMAU-paleo/UFEMISM2.0,git,1675555200,all,ok_git,366,ok,142,ok,1
IMAU-paleo/minimism,none,,0,not_available,0,not_available,0,not_available,0
InPhyT/COVID19-Italy-Integrated-Surveillance-Data,git,1637452800,all,ok_git,69,ok,1,ok,42
InPhyT/UnrollingAverages.jl,git,1637452800,all,ok_git,16,ok,1,ok,5
Islandora/islandora,git,1466899200,all,ok_git,423,ok,64,ok,56
JuliaAstro/AstroImages.jl,git,1520726400,all,ok_git,59,ok,16,ok,11
JuliaAstro/AstroLib.jl,git,1457222400,all,ok_git,103,ok,26,ok,7
JuliaAstro/Cosmology.jl,git,1380412800,all,ok_git,56,ok,12,ok,7
JuliaAstro/LombScargle.jl,git,1467504000,all,ok_git,82,ok,12,ok,8
JuliaAstro/SkyCoords.jl,git,1393113600,all,ok_git,82,ok,14,ok,14
JuliaBesties/BestieTemplate.jl,git,1694304000,all,ok_git,97,ok,247,ok,44
JuliaGraphs/MultilayerGraphs.jl,git,1660435200,all,ok_git,46,ok,53,ok,11
JuliaHealth/ICD_GEMs.jl,git,1652572800,all,ok_git,14,ok,2,ok,7
JuliaParallel/MPI.jl,git,1343520000,all,ok_git,432,ok,304,ok,54
JuliaPhysics/Measurements.jl,git,1463270400,all,ok_git,186,ok,81,ok,24
JuliaPhysics/PhysicalConstants.jl,git,1535846400,all,ok_git,40,ok,15,ok,6
JungleComputing/rocket,git,1587254400,all,ok_git,3,ok,1,ok,1
JustinStarreveld/ROBIST,git,1652572800,all,ok_git,50,ok,4,ok,4
KBNLresearch/ochre,git,1489881600,all,ok_git,64,ok,17,ok,0
KernelTuner/kernel_float,git,1676764800,all,ok_git,49,ok,4,ok,3
KernelTuner/kernel_launcher,git,1610841600,all,ok_git,45,ok,3,ok,2
KernelTuner/kernel_tuner,git,1459036800,all,ok_git,526,ok,120,ok,34
KonradHoeffner/rickview,git,1647734400,all,ok_git,95,ok,67,ok,37
LAHTeR/htr-quality-classifier,git,1679184000,all,ok_git,14,ok,11,ok,10
LINNAE-project/SFB-Annotator,git,1506816000,all,ok_git,58,ok,93,ok,2
LXCat-project/LXCat,git,1645920000,all,ok_git,294,ok,152,ok,17
LiacsProjects/Wearda,git,1623542400,all,ok_git,13,ok,2,ok,1
LimeSurvey/LimeSurvey,git,1046563200,all,ok_git,6872,ok,0,ok,0
Living-with-machines/MapReader,git,1637452800,all,ok_git,236,ok,344,ok,9
MALES-project/SpeckleCn2Profiler,git,1704585600,all,ok_git,64,ok,54,ok,5
MD-Studio/MDStudio,git,1466899200,all,ok_git,210,ok,116,ok,2
MD-Studio/cerise,git,1486252800,all,ok_git,53,ok,83,ok,1
MINE-DD/dashboard,git,1741478400,all,ok_git,21,ok,12,ok,0
MaastrichtU-IDS/crowdED,git,1511654400,all,ok_git,28,ok,0,ok,0
MaastrichtU-Library/the-FAIR-extension,git,1662249600,all,ok_git,15,ok,33,ok,2
MiBiPreT/anatrans,git,1711238400,all,ok_git,32,ok,76,ok,8
MiBiPreT/mibibio,git,1743897600,all,ok_git,10,ok,11,ok,3
MiBiPreT/mibiscreen,git,1710633600,all,ok_git,84,ok,64,ok,8
MiBiPret/mibiremo,git,1716076800,all,ok_git,14,ok,17,ok,3
MindTheGap-ERC/StratPal,git,1720915200,all,ok_git,21,ok,9,ok,8
MindTheGap-ERC/admtools,git,1675555200,all,ok_git,43,ok,17,ok,8
MotionbyLearning/sarxarray,git,1667692800,all,ok_git,53,ok,37,ok,7
MotusWTS/motus,git,1479600000,all,ok_git,143,ok,2,ok,12
MyDigiTwinNL/CDF2Medmij-Mapping-tool,git,1686441600,all,ok_git,22,ok,18,ok,0
MyDigiTwinNL/LifelinesCSV2CDF,git,1688860800,all,ok_git,6,ok,0,ok,0
MycoAI/taxotagger,git,1722124800,all,ok_git,7,ok,0,ok,7
MycoAI/taxotagger-webapp,git,1729382400,all,ok_git,3,not_attempted,0,ok,1
NL-BioImaging/biomero,git,1683417600,all,ok_git,72,ok,10,ok,39
NLESC-JCER/EigenCuda,git,1544918400,all,ok_git,20,ok,18,ok,3
NLESC-JCER/Fortran_Davidson,git,1546732800,all,ok_git,25,ok,23,ok,7
NLESC-JCER/QMCTorch,git,1555200000,all,ok_git,134,ok,67,ok,6
NLESC-JCER/QMCblip,git,1645920000,all,ok_git,17,ok,9,ok,5
NLESC-JCER/QUICKLB,git,1636243200,all,ok_git,12,ok,5,ok,2
NLeSC-COMPAS/compas-toolkit,git,1687651200,all,ok_git,41,ok,20,ok,1
NLeSC-COMPAS/kmm,git,1692489600,all,ok_git,83,ok,20,ok,5
NLeSC-GO-common-infrastructure/dcachefs,git,1607212800,all,ok_git,21,ok,7,ok,8
NLeSC-GO-common-infrastructure/marzipan,git,1602374400,all,ok_git,16,ok,2,ok,2
NLeSC-GO-common-infrastructure/stac2dcache,git,1605398400,all,ok_git,26,ok,13,ok,6
NLeSC/Chemical-Analytics-Platform,git,1438473600,all,ok_git,42,ok,16,ok,3
NLeSC/DiVE,git,1474761600,all,ok_git,32,ok,9,ok,4
NLeSC/EEG-epilepsy-diagnosis,git,1460851200,all,ok_git,22,not_attempted,0,ok,1
NLeSC/MAGMa,git,1317513600,all,ok_git,235,ok,141,ok,3
NLeSC/Massive-PotreeConverter,git,1430611200,all,ok_git,45,ok,27,ok,1
NLeSC/OCTSegmentation,git,1416096000,all,ok_git,11,ok,1,ok,2
NLeSC/PattyAnalytics,git,1413676800,all,ok_git,45,ok,35,ok,3
NLeSC/SalientDescriptor-matlab,git,1500163200,all,ok_git,5,ok,2,ok,3
NLeSC/SalientDetector-matlab,git,1429401600,all,ok_git,60,ok,14,ok,3
NLeSC/SalientDetector-python,git,1456617600,all,ok_git,34,ok,54,ok,5
NLeSC/ShiCo,git,1444521600,all,ok_git,59,ok,22,ok,9
NLeSC/UncertaintyVisualization,git,1437868800,all,ok_git,53,ok,1,ok,5
NLeSC/ahn-pointcloud-viewer,git,1430611200,all,ok_git,40,ok,53,ok,1
NLeSC/ahn-pointcloud-viewer-ws,git,1430611200,all,ok_git,22,ok,1,ok,1
NLeSC/baklava,git,1557014400,all,ok_git,7,ok,1,ok,1
NLeSC/boatswain,git,1485648000,all,ok_git,25,ok,9,ok,8
NLeSC/case-law-app,git,1484438400,all,ok_git,23,ok,23,ok,7
NLeSC/cptm,git,1431820800,all,ok_git,32,ok,3,ok,1
NLeSC/eAstroViz,git,1364083200,all,ok_git,23,ok,0,ok,0
NLeSC/eEcology-Annotation-WS,git,1377388800,all,ok_git,38,ok,0,ok,7
NLeSC/eEcology-Classification,git,1422144000,all,ok_git,20,not_attempted,0,ok,5
NLeSC/eEcology-SMS-reciever,git,1424563200,all,ok_git,21,ok,1,ok,6
NLeSC/eEcology-script-wrapper,git,1360454400,all,ok_git,62,ok,0,ok,5
NLeSC/esibayes,git,1355616000,all,ok_git,23,ok,29,ok,4
NLeSC/fairdatapoint,git,1442102400,all,ok_git,100,ok,39,ok,4
NLeSC/hadrianus-scripts,git,1454803200,all,ok_git,3,ok,0,ok,1
NLeSC/litstudy,git,1557014400,all,ok_git,55,ok,66,ok,9
NLeSC/lofar-predictive-maintenance,none,,0,not_available,0,not_available,0,not_available,0
NLeSC/lokum,git,1557014400,all,ok_git,12,ok,13,ok,2
NLeSC/mcfly,git,1463270400,all,ok_git,146,ok,260,ok,14
NLeSC/noodles,git,1444521600,all,ok_git,128,ok,61,ok,9
NLeSC/osmium,git,1365292800,all,ok_git,32,ok,18,ok,2
NLeSC/pattyvis,git,1407628800,all,ok_git,70,ok,52,ok,3
NLeSC/python-pcl,git,1336867200,all,ok_git,61,ok,0,ok,2
NLeSC/python-template,git,1474156800,all,ok_git,173,ok,451,ok,7
NLeSC/spot,git,1431216000,all,ok_git,140,ok,153,ok,2
NLeSC/structure-from-motion,git,1426377600,all,ok_git,21,ok,38,ok,5
NLeSC/xenon-cli,git,1485648000,all,ok_git,49,ok,75,ok,20
NLeSC/xenon-grpc,git,1494115200,all,ok_git,46,ok,40,ok,10
NLeSC/xtas,git,1379203200,all,ok_git,90,ok,54,ok,1
NLeSC/zarrviz,git,1689465600,all,ok_git,32,ok,10,ok,0
NNPDF/nnpdf,git,1444521600,all,ok_git,2622,ok,893,ok,10
NPLinker/nplinker,git,1539475200,all,ok_git,259,ok,117,ok,20
NPLinker/nplinker-webapp,git,1658016000,all,ok_git,18,ok,38,ok,7
NaturalHPC/cerulean,git,1538870400,all,ok_git,21,ok,13,ok,8
ODISSEI-School-Choice/school-choice,git,1651363200,all,ok_git,17,ok,17,ok,3
OceanParcels/parcels,git,1443312000,all,ok_git,1181,ok,865,ok,39
OpenDA-Association/OpenDA,git,1411257600,all,ok_git,594,ok,154,ok,12
OpenMS/OpenMS,git,1149984000,all,ok_git,6346,ok,3441,ok,15
Ouranosinc/PAVICS-landing,git,1609632000,all,ok_git,140,ok,33,ok,0
PMEAL/porespy,git,1425168000,all,ok_git,691,ok,517,ok,27
PanBrowse/PanVA,git,1667088000,all,ok_git,42,ok,3,ok,0
PanUtils/pantools-pipeline-v4,git,1687651200,all,ok_git,24,ok,0,ok,0
PartitionedArrays/PartitionedArrays.jl,git,1607212800,all,ok_git,187,ok,42,ok,47
PerfectFit-project/virtual-coach-main,git,1634428800,all,ok_git,105,ok,0,ok,3
PlusToolkit/PlusLib,git,1303603200,all,ok_git,1187,ok,638,ok,3
QDUNI/FairSECO,git,1663459200,all,ok_git,24,ok,0,ok,4
QUMIA/train-scripts,git,1696723200,all,ok_git,26,ok,0,ok,1
QuantumApplicationLab/qalcore,git,1657411200,all,ok_git,22,ok,1,ok,0
QuantumApplicationLab/vqls-prototype,git,1639267200,all,ok_git,62,ok,10,ok,1
QuantumRadioAstronomy/hera_cal_quantum,git,1480809600,all,ok_git,618,ok,0,ok,0
RETURN-project/BenchmarkRecovery,git,1567900800,all,ok_git,64,ok,34,ok,2
RS-DAT/JupyterDaskOnSLURM,git,1638057600,all,ok_git,55,ok,50,ok,2
ReSurfEMG/ReSurfEMG,git,1654387200,all,ok_git,168,ok,183,ok,21
ReSurfEMG/ReSurfEMG-dashboard,git,1658016000,all,ok_git,28,ok,28,ok,5
SCM-NV/pyZacros,git,1592697600,all,ok_git,128,ok,49,ok,2
SCM-NV/qmflows,git,1464480000,all,ok_git,298,ok,107,ok,15
SDCCA/quafing,git,1644710400,all,ok_git,41,ok,22,ok,1
SLURM-CLI-API-Proxy/SLURM-CLI-API-Proxy-client,git,1730592000,all,ok_git,15,ok,10,ok,2
SS-NES/code-auditor,git,1728777600,all,ok_git,8,ok,2,ok,2
SS-NES/docassemble-SMPDecisionTree,git,1717286400,all,ok_git,34,ok,57,ok,4
SSIML2021/SSIML2021,git,1617494400,all,ok_git,51,ok,31,ok,1
SecConNet/mahiru,git,1575763200,all,ok_git,62,ok,55,ok,1
ShareTraitProject/ShareTraitWebsite,none,,0,not_available,0,not_available,0,not_available,0
SimVascular/SimVascular,git,1430006400,all,ok_git,805,ok,496,ok,5
Slicer/Slicer,git,1137888000,all,ok_git,5939,ok,5920,ok,1
SlicerIGT/SlicerIGT,git,1316304000,all,ok_git,441,ok,122,ok,0
SlicerRt/SlicerRT,git,1325980800,all,ok_git,673,ok,176,ok,0
TRASAL/psrdada-python,git,1524960000,all,ok_git,17,ok,5,ok,2
TREX-CoE/aiida-champ,git,1534636800,all,ok_git,23,not_attempted,0,ok,0
TRI-AMDD/mpet,git,1371945600,all,ok_git,435,ok,54,ok,5
TUDelftGeodesy/stmtools,git,1666483200,all,ok_git,68,ok,49,ok,4
TeachBooks/recombiner,git,1740873600,all,ok_git,11,ok,17,ok,0
Team-RADDISH/ParticleDA.jl,git,1578182400,all,ok_git,140,ok,79,ok,4
Transparency-in-the-non-profit-sector/nedextract,git,1641686400,all,ok_git,27,ok,15,ok,3
TulipaEnergy/TulipaClustering.jl,git,1698537600,all,ok_git,55,ok,51,ok,12
TulipaEnergy/TulipaEnergyModel.jl,git,1691280000,all,ok_git,287,ok,668,ok,34
TulipaEnergy/TulipaIO.jl,git,1707004800,all,ok_git,57,ok,44,ok,9
UNSAT3D/XrayTIFF2h5,git,1687046400,all,ok_git,10,ok,4,ok,0
UNSAT3D/unsat,git,1698537600,all,ok_git,24,ok,16,ok,1
UUDigitalHumanitieslab/texcavator,git,1398556800,all,ok_git,120,ok,155,ok,22
UniTo-SEPI/COVID-19_Piedmont,git,1669507200,all,ok_git,7,not_attempted,0,ok,1
Urban-M4/cityblocks,git,1733011200,all,ok_git,4,ok,5,ok,2
Urban-M4/snakemake-wrf,git,1713052800,all,ok_git,25,ok,19,ok,0
Urban-M4/streetscapes,git,1729382400,all,ok_git,39,ok,37,ok,9
Urban-M4/wrf-runner,git,1716681600,all,ok_git,9,not_attempted,0,ok,0
UtrechtUniversity/IMAGE-LAND-LUE,git,1697328000,all,ok_git,20,not_attempted,0,ok,0
UtrechtUniversity/animal-sounds,git,1632009600,all,ok_git,38,ok,16,ok,1
UtrechtUniversity/anonymouus,git,1596931200,all,ok_git,28,ok,6,ok,1
UtrechtUniversity/clumped-processing,git,1629590400,all,ok_git,17,ok,22,ok,1
UtrechtUniversity/iBridges,git,1614470400,all,ok_git,280,ok,143,ok,22
UtrechtUniversity/ia-webscraping,git,1610236800,all,ok_git,55,ok,6,ok,1
UtrechtUniversity/patent-breakthrough,git,1654992000,all,ok_git,51,ok,26,ok,1
UtrechtUniversity/ricgraph,git,1673136000,all,ok_git,113,ok,0,ok,33
UtrechtUniversity/streetview-segmentation,git,1658016000,all,ok_git,6,not_attempted,0,ok,0
UtrechtUniversity/tweet_collector,git,1624147200,all,ok_git,30,ok,4,ok,0
UtrechtUniversity/yoda,git,1498953600,all,ok_git,827,ok,137,ok,10
VegeWaterDynamics/motrainer,git,1601164800,all,ok_git,87,ok,57,ok,8
Via-Appia/via-appia-online-viewer,git,1620518400,all,ok_git,56,ok,42,ok,0
WAM2layers/WAM2layers,git,1553990400,all,ok_git,129,ok,216,ok,12
WDscholia/scholia,git,1475971200,all,ok_git,720,ok,1808,ok,4
abinit/abinit,git,1466899200,all,ok_git,3896,ok,80,ok,31
abrupt-climate/hyper-canny,git,1490486400,all,ok_git,19,ok,0,ok,1
aces/Loris,git,1202601600,all,ok_git,3527,ok,2460,ok,108
aces/brainbrowser,git,1268524800,all,ok_git,246,ok,163,ok,19
aces/cbrain,git,1223164800,all,ok_git,1623,ok,865,ok,23
agdestein/IncompressibleNavierStokes.jl,git,1632009600,all,ok_git,189,ok,9,ok,14
aiproteomics/aiproteomics,git,1648339200,all,ok_git,65,ok,57,ok,6
alan-turing-institute/DTBase,git,1676764800,all,ok_git,145,ok,154,ok,0
alan-turing-institute/data-safe-haven,git,1530403200,all,ok_git,1015,ok,1172,ok,36
alan-turing-institute/trustchain,git,1657411200,all,ok_git,234,ok,136,ok,8
amrvac/AGILE-experimental,git,1431216000,all,ok_git,946,ok,38,ok,0
amusecode/amuse,git,1245542400,all,ok_git,2138,ok,649,ok,39
analizo/analizo,git,1221350400,all,ok_git,258,ok,130,ok,21
arabic-digital-humanities/adhtools,git,1516492800,all,ok_git,89,ok,3,ok,1
aranvhout/OMSS_generator,git,1728777600,all,ok_git,44,ok,0,ok,0
arnikz/PIQMIe,git,1442102400,all,ok_git,22,ok,5,ok,2
arpra-project/arpra,git,1474761600,all,ok_git,111,ok,7,ok,3
asreview-simulation/asreview-simulation,git,1679184000,all,ok_git,24,ok,51,ok,5
astra-toolbox/astra-toolbox,git,1372550400,all,ok_git,380,ok,372,ok,15
astro-informatics/sleplet,git,1508025600,all,ok_git,270,ok,41,ok,37
backdem/democracy-datasets,git,1696723200,all,ok_git,8,not_attempted,0,ok,0
backdem/democracy-text-classification,git,1708214400,all,ok_git,17,ok,0,ok,0
backdem/democracy-topic-model,git,1684022400,all,ok_git,22,ok,0,ok,0
backdem/doc2sentences,git,1699747200,all,ok_git,4,ok,5,ok,0
backdem/scrape-tool,git,1677369600,all,ok_git,20,ok,0,ok,0
biomarkersParkinson/paradigma,git,1702771200,all,ok_git,166,ok,55,ok,16
biomarkersParkinson/tsdf,git,1670716800,all,ok_git,92,ok,46,ok,7
bouweandela/snakemake-storage-plugin-rucio,git,1737849600,all,ok_git,12,ok,12,ok,7
brainspinner/cvasl,git,1679184000,all,ok_git,52,ok,139,ok,6
bridgedb/BridgeDbR,git,1412467200,all,ok_git,68,ok,25,ok,0
bridgedb/BridgeDbWebservice,git,1664668800,all,ok_git,27,ok,28,ok,10
bridgedb/bridgedb,git,1238889600,all,ok_git,450,ok,140,ok,48
c-martinez/BeyondTheBook,git,1407628800,all,ok_git,27,ok,2,ok,2
c3g/chord_singularity,git,1562457600,all,ok_git,72,ok,21,ok,1
c3s-magic/c3s-magic-wps,git,1495929600,all,ok_git,67,ok,14,ok,2
cancogen-virus-seq/portal,git,1616889600,all,ok_git,119,ok,355,ok,0
candYgene/QTM,git,1456617600,all,ok_git,88,not_attempted,0,ok,0
candYgene/pbg-ld,git,1476576000,all,ok_git,55,ok,46,ok,3
candYgene/siga,git,1434240000,all,ok_git,53,ok,27,ok,2
carbon-budget-explorer/cabe,git,1684627200,all,ok_git,67,ok,96,ok,1
carpentries-incubator/deep-learning-intro,git,1739059200,all,ok_git,1,not_attempted,0,ok,0
carpentries-incubator/geospatial-python,git,1373760000,all,ok_git,443,ok,70,ok,0
carpentries-incubator/medical-image-processing,git,1714262400,all,ok_git,36,ok,34,ok,0
carrier-project/verticox,git,1649548800,all,ok_git,94,ok,127,ok,20
caselawanalytics/CaseLawAnalytics,git,1475971200,all,ok_git,41,ok,28,ok,6
cdk/cdk,git,970358400,all,ok_git,2551,ok,322,ok,22
ci-for-science/self-hosted-runners,git,1574553600,all,ok_git,36,ok,83,ok,1
citation-file-format/cff-converter-python,git,1515283200,all,ok_git,89,ok,191,ok,18
citation-file-format/cff-initializer-javascript,git,1625961600,all,ok_git,116,ok,544,ok,14
citation-file-format/cffconvert-github-action,git,1597536000,all,ok_git,16,ok,43,ok,5
citation-file-format/citation-file-format,git,1505606400,all,ok_git,161,ok,347,ok,3
citation-js/citation-js,git,1540684800,all,ok_git,117,ok,183,ok,0
citation-js/isaac-chrome-extension,git,1646524800,all,ok_git,12,ok,9,ok,7
classmodel/class-web,git,1719705600,all,ok_git,68,ok,108,ok,29
collaite/collens,git,1727568000,all,ok_git,16,ok,22,ok,1
common-workflow-language/cwltool,git,1411257600,all,ok_git,1159,ok,820,ok,163
computationalgeography/lue,git,1466294400,all,ok_git,366,ok,739,ok,12
copasi/COPASI,git,978220800,all,ok_git,2619,ok,0,ok,55
csrc-sdsu/mole,git,1501977600,all,ok_git,242,ok,97,ok,2
ctwhome/SmartPlay,git,1688860800,all,ok_git,26,ok,1,ok,1
cwrc/CWRC-WriterBase,git,1486857600,all,ok_git,177,ok,262,ok,304
cwrc/beta.cwrc.ca,git,1478995200,all,ok_git,130,ok,5,ok,8
dalesteam/dales,git,1247961600,all,ok_git,370,ok,62,ok,11
davideceolin/FAReviews,git,1588464000,all,ok_git,32,ok,15,ok,0
dfsp-spirit/fsbrain,git,1568505600,all,ok_git,154,ok,53,ok,17
dglaeser/gridformat,git,1666483200,all,ok_git,66,ok,116,ok,6
dianna-ai/dianna,git,1625356800,all,ok_git,416,ok,553,ok,19
dianna-ai/distance_explainer,git,1688256000,all,ok_git,22,ok,11,ok,4
dianna-ai/explainable_embedding,git,1657411200,all,ok_git,51,ok,4,ok,0
digitalmethodsinitiative/4cat,git,1537660800,all,ok_git,723,ok,380,ok,30
digitalmethodsinitiative/zeeschuimer,git,1632009600,all,ok_git,76,ok,47,ok,38
dl4ld/petrinet,git,1626566400,all,ok_git,23,ok,0,ok,3
doerte/discuit-project,git,1676160000,all,ok_git,13,ok,16,ok,6
drcandacemakedamoore/cleanX,git,1618099200,all,ok_git,65,ok,41,ok,21
dtscalibration/python-dts-calibration,git,1532822400,all,ok_git,139,ok,101,ok,32
duqtools/duqtools,git,1652572800,all,ok_git,157,ok,327,ok,30
duqtools/imas2xarray,git,1700956800,all,ok_git,12,ok,12,ok,4
e-mental-health/data-processing,git,1523145600,all,ok_git,78,ok,0,ok,1
e-mental-health/orange-hackathon,git,1566691200,all,ok_git,52,ok,4,ok,1
eEcoLiDAR/Laserfarm,git,1579996800,all,ok_git,69,ok,18,ok,7
eEcoLiDAR/laserchicken,git,1498348800,all,ok_git,127,ok,94,ok,13
eScatter/pyelsepa,git,1472947200,all,ok_git,13,ok,2,ok,1
eWaterCycle/Cesium-NcWMS,git,1406419200,all,ok_git,33,ok,2,ok,3
eWaterCycle/eWaterleaf,git,1401580800,all,ok_git,5,ok,0,ok,3
eWaterCycle/ewatercycle,git,1535241600,all,ok_git,121,ok,249,ok,19
eWaterCycle/ewatercycle-hype,git,1696118400,all,ok_git,2,ok,7,ok,1
eWaterCycle/ewatercycle-lisflood,git,1696118400,all,ok_git,5,ok,11,ok,1
eWaterCycle/ewatercycle-marrmot,git,1696118400,all,ok_git,5,ok,9,ok,2
eWaterCycle/ewatercycle-pcrglobwb,git,1696118400,all,ok_git,4,ok,6,ok,2
eWaterCycle/ewatercycle-wflow,git,1696118400,all,ok_git,7,ok,7,ok,2
eWaterCycle/ewatercycle-wflowjl,git,1667088000,all,ok_git,5,ok,12,ok,1
eWaterCycle/experiment-launcher,git,1522540800,all,ok_git,26,ok,22,ok,2
eWaterCycle/grpc4bmi,git,1523750400,all,ok_git,125,ok,94,ok,21
eWaterCycle/infra,git,1536451200,all,ok_git,167,ok,118,ok,6
eWaterCycle/jupyterlab_thredds,git,1523145600,all,ok_git,20,ok,33,ok,7
eWaterCycle/leakybucket-bmi,git,1695513600,all,ok_git,7,ok,1,ok,1
eWaterCycle/remotebmi,git,1711238400,all,ok_git,22,ok,27,ok,1
eWaterCycle/setup-apptainer,git,1663459200,all,ok_git,20,ok,4,ok,3
eWaterCycle/setup-grpc,git,1595721600,all,ok_git,9,ok,4,ok,5
eWaterCycle/setup-singularity,git,1595721600,all,ok_git,14,ok,8,ok,7
eWaterCycle/sfincs-bmi-server,git,1693094400,all,ok_git,11,ok,4,ok,0
eegyolk-ai/EEG_age_prediction,git,1605398400,all,ok_git,13,not_attempted,0,ok,0
egonw/bacting,git,1554595200,all,ok_git,106,ok,60,ok,65
elpaco-escience/scikit-talk,git,1679788800,all,ok_git,17,ok,49,ok,4
elpaco-escience/talkr,git,1678579200,all,ok_git,35,ok,77,ok,6
emrecdem/emo-spectre,git,1589673600,all,ok_git,62,ok,0,ok,1
entangled/brei,git,1697328000,all,ok_git,9,ok,11,ok,6
entangled/entangled.py,git,1684022400,all,ok_git,60,ok,47,ok,32
era-urban/wrfpy,git,1444521600,all,ok_git,53,ok,7,ok,3
ersilia-os/ersilia,git,1593302400,all,ok_git,620,ok,1091,ok,22
esciencecenter-digital-skills/NEBULA,git,1689465600,all,ok_git,60,ok,56,ok,19
eucp-project/atlas,git,1622332800,all,ok_git,59,ok,33,ok,2
eucp-project/storyboards,git,1624752000,all,ok_git,46,ok,38,ok,1
euroargodev/argopy,git,1584230400,all,ok_git,290,ok,172,ok,25
ewatercycle/era5cli,git,1550361600,all,ok_git,72,ok,79,ok,22
fair-data/fairdatapoint-client,git,1611446400,all,ok_git,7,ok,0,ok,2
fair-software/fairtally,git,1613865600,all,ok_git,16,ok,59,ok,1
fair-software/howfairis,git,1598745600,all,ok_git,60,ok,238,ok,16
fair-workflows/NanopubJL,git,1592092800,all,ok_git,11,ok,4,ok,4
fair-workflows/fairworkflows,git,1583020800,all,ok_git,122,ok,84,ok,17
fair-workflows/nanopub,git,1601769600,all,ok_git,147,ok,81,ok,29
fastdatascience/drug_named_entity_recognition,git,1646524800,all,ok_git,46,ok,12,ok,18
filippi-claudia/champ,git,1539475200,all,ok_git,487,ok,103,ok,4
geoflow-visualizer/geoflow-visualizer,git,1649548800,all,ok_git,25,ok,2,ok,1
geomedialab/atlascine,git,1593302400,all,ok_git,78,not_attempted,0,ok,2
glotaran/TIMP,git,1173571200,all,ok_git,48,ok,8,ok,3
glotaran/glotaran-legacy,git,1365897600,all,ok_git,72,ok,42,ok,1
glotaran/pyglotaran,git,1462665600,all,ok_git,466,ok,381,ok,16
grant-m-s/AstronomicAL,git,1612656000,all,ok_git,45,ok,8,ok,1
h-gear/revolution,git,1699747200,all,ok_git,23,ok,2,ok,3
haddocking/haddock3,git,1552176000,all,ok_git,772,ok,608,ok,13
haddocking/powerfit,git,1420934400,all,ok_git,98,ok,51,ok,15
haddocking/protein-detective,git,1743292800,all,ok_git,33,ok,25,ok,5
haddocking/protein-quest,git,1754179200,all,ok_git,25,ok,26,ok,11
harmonydata/harmony,git,1682812800,all,ok_git,126,ok,50,ok,13
hpgem/hpgem,git,1361664000,all,ok_git,389,ok,24,ok,0
hpgem/nanomesh,git,1604793600,all,ok_git,92,ok,141,ok,10
i-VRESSE/bartender,git,1661040000,all,ok_git,94,ok,63,ok,8
i-VRESSE/haddock3-analysis-components,git,1686441600,all,ok_git,29,ok,8,ok,12
i-VRESSE/haddock3-ui,git,1721520000,all,ok_git,10,ok,2,ok,15
i-VRESSE/haddock3-webapp,git,1675555200,all,ok_git,123,ok,89,ok,14
i-VRESSE/jupyterlab-haddock3-configurator,git,1659830400,all,ok_git,6,ok,2,ok,2
i-VRESSE/mkdocs_rich_argparse,git,1758412800,all,ok_git,3,ok,3,ok,3
i-VRESSE/pdbtbx-ts,git,1650758400,all,ok_git,8,ok,1,ok,3
i-VRESSE/workflow-builder,git,1637452800,all,ok_git,115,ok,90,ok,2
iBridges-for-iRods/iBridges-GUI,git,1614470400,all,ok_git,194,ok,118,ok,20
imagepbl/effort-sharing,git,1680998400,all,ok_git,125,ok,94,ok,3
inseq-team/inseq,git,1631404800,all,ok_git,109,ok,95,ok,8
iomega/paired-data-form,git,1540684800,all,ok_git,118,ok,134,ok,17
iomega/spec2vec,git,1570924800,all,ok_git,122,ok,56,ok,14
isoverse/clumpedr,git,1548547200,all,ok_git,42,ok,18,ok,3
ivory-tower-private-power/sirup,git,1682812800,all,ok_git,23,ok,11,ok,4
japhir/snvecR,git,1679184000,all,ok_git,24,ok,6,ok,11
jasp-stats-modules/modules-app,git,1754179200,all,ok_git,22,ok,22,ok,6
jasp-stats/jaspProcess,git,1678579200,all,ok_git,174,ok,52,ok,0
jhidding/GraphvizDotLang.jl,git,1668297600,all,ok_git,6,ok,3,ok,3
jhidding/check-deps,git,1670716800,all,ok_git,5,not_attempted,0,ok,0
joenio/holodev,git,1437264000,all,ok_git,56,ok,24,ok,7
kirklong/BroadLineRegions.jl,git,1714262400,all,ok_git,27,ok,4,ok,4
langtonhugh/asreview_irr,git,1636243200,all,ok_git,42,ok,15,ok,2
lightning-project/lightning,git,1635033600,all,ok_git,4,not_attempted,0,ok,1
m4ma/m4ma,git,1655596800,all,ok_git,53,ok,2,ok,5
magnuspalmblad/addFeatures,git,1711843200,all,ok_git,7,ok,3,ok,2
matchms/matchms,git,1570924800,all,ok_git,540,ok,415,ok,53
matchms/ms2deepscore,git,1604188800,all,ok_git,210,ok,118,ok,25
mathbioleiden/Tissue-Simulation-Toolkit,git,1479600000,all,ok_git,103,ok,1,ok,0
medema-group/bgc-viewer,git,1752364800,all,ok_git,11,ok,40,ok,6
medialab/hyphe,git,1292716800,all,ok_git,489,ok,479,ok,28
mess-nlesc/kunefe,git,1708819200,all,ok_git,10,ok,42,ok,9
mexca/emvoice,git,1688860800,all,ok_git,3,ok,10,ok,2
mexca/mexca,git,1654387200,all,ok_git,116,ok,21,ok,13
multiscale/muscle3,git,1519516800,all,ok_git,193,ok,240,ok,13
navigating-stories/orange-story-navigator,git,1652572800,all,ok_git,130,ok,102,ok,32
neelravi/slurm-mongo,git,1680998400,all,ok_git,4,not_attempted,0,ok,2
neelravi/trex2champ,git,1684022400,all,ok_git,2,not_attempted,0,ok,1
nesi/jupyterlab_slurm_time,git,1630800000,all,ok_git,3,ok,0,ok,4
neurogym/neurogym,git,1550361600,all,ok_git,293,ok,136,ok,12
newsgac/platform,git,1515283200,all,ok_git,74,ok,36,ok,1
nlesc-ave/ave-rest-service,git,1445126400,all,ok_git,46,ok,46,ok,1
nlesc-dirac/sagecal,git,1388880000,all,ok_git,328,ok,63,ok,16
nlesc-eTAOC/pyTAMS,git,1697328000,all,ok_git,96,ok,37,ok,6
nlesc-nano/CAT,git,1549152000,all,ok_git,200,ok,50,ok,25
nlesc-nano/ceiba,git,1600560000,all,ok_git,38,ok,17,ok,4
nlesc-nano/ceiba-cli,git,1599955200,all,ok_git,20,ok,15,ok,3
nlesc-nano/flamingo,git,1601164800,all,ok_git,27,ok,18,ok,4
nlesc-nano/swan,git,1560038400,all,ok_git,56,ok,47,ok,5
nlesc-recruit/PowerSensor3,git,1580601600,all,ok_git,95,ok,84,ok,15
nlesc-recruit/ccglib,git,1708214400,all,ok_git,71,ok,25,ok,1
nlesc-recruit/cudawrappers,git,1635638400,all,ok_git,131,ok,141,ok,9
nlesc-sherlock/emma,git,1486857600,all,ok_git,87,ok,82,ok,2
nlesc-smcm/i-emic,git,1427587200,all,ok_git,374,ok,59,ok,1
nlesc/scriptcwl,git,1474761600,all,ok_git,52,ok,81,ok,13
nlppln/nlppln,git,1469923200,all,ok_git,68,ok,29,ok,5
nwo-strap/excel-to-fhir,git,1697328000,all,ok_git,4,not_attempted,0,ok,0
nwo-strap/gamebus-fhir-layer,git,1645920000,all,ok_git,14,ok,12,ok,1
obeliss-nlesc/otree-docker,git,1691884800,all,ok_git,9,ok,3,ok,0
obeliss-nlesc/otree-experiments,git,1700956800,all,ok_git,13,ok,4,ok,0
obeliss-nlesc/otree-waiting-room,git,1691884800,all,ok_git,43,ok,37,ok,0
obiba/agate,git,1400371200,all,ok_git,383,ok,203,ok,85
obiba/mica2,git,1395532800,all,ok_git,1262,ok,2143,ok,166
obiba/opal,git,1241308800,all,ok_git,1207,ok,2854,ok,255
omuse-geoscience/omuse,git,1406419200,all,ok_git,359,ok,46,ok,4
online-behaviour/find-journalists,git,1491091200,all,ok_git,12,not_attempted,0,ok,2
online-behaviour/machine-learning,git,1491696000,all,ok_git,29,not_attempted,0,ok,1
openPSTD/openPSTD,git,1410048000,all,ok_git,156,ok,113,ok,1
openchrom/openchrom,git,1286668800,all,ok_git,826,ok,360,ok,0
overture-stack/arranger,git,1512864000,all,ok_git,301,ok,252,ok,2
overture-stack/dms,git,1594512000,all,ok_git,57,ok,76,ok,14
overture-stack/ego,git,1506816000,all,ok_git,335,ok,324,ok,18
overture-stack/maestro,git,1551571200,all,ok_git,102,ok,113,ok,10
overture-stack/score,git,1426982400,all,ok_git,338,ok,169,ok,12
overture-stack/song,git,1492300800,all,ok_git,407,ok,419,ok,27
parallelwindfarms/byteparsing,git,1566086400,all,ok_git,33,ok,16,ok,4
parallelwindfarms/parareal,git,1665878400,all,ok_git,8,ok,4,ok,2
pathvisio/pathvisio,git,1138492800,all,ok_git,749,ok,162,ok,5
phac-nml/irida,git,1355616000,all,ok_git,2313,ok,475,ok,117
phenology/cgc,git,1594512000,all,ok_git,96,ok,26,ok,12
phenology/dumme,git,1507420800,all,ok_git,36,ok,3,ok,1
phenology/springtime,git,1664064000,all,ok_git,45,ok,121,ok,4
phenotips/phenotips,git,1316304000,all,ok_git,1343,ok,0,ok,0
pism/pism,git,1159056000,all,ok_git,1327,ok,486,ok,19
point-cloud-radar/bird-cloud-gnn,git,1676160000,all,ok_git,43,ok,96,ok,1
puregome/notebooks,git,1586649600,all,ok_git,93,ok,0,ok,1
qc2nl/qc2,git,1677369600,all,ok_git,72,ok,48,ok,5
quantumapplicationlab/hhl-prototype,git,1663459200,all,ok_git,14,ok,2,ok,0
quantumapplicationlab/quantumnewtonraphson,git,1705190400,all,ok_git,27,ok,11,ok,0
quantumapplicationlab/qubols,git,1707609600,all,ok_git,10,ok,1,ok,0
quantumapplicationlab/qubops,git,1707609600,all,ok_git,15,ok,0,ok,0
quantumapplicationlab/wntr-quantum,git,1713657600,all,ok_git,42,ok,20,ok,0
recipy/recipy,git,1426982400,all,ok_git,93,ok,184,ok,0
ree-hdsc/ree-hdsc,git,1679184000,all,ok_git,52,not_attempted,0,ok,1
research-software-directory/RSD-as-a-service,git,1633219200,all,ok_git,687,ok,897,ok,86
rezeebe/orbitN,git,1685232000,all,ok_git,2,not_attempted,0,ok,1
rezeebe/snvec,git,1680998400,all,ok_git,3,not_attempted,0,ok,0
roblib/rdm-playbook,git,1496534400,all,ok_git,215,ok,0,ok,0
root-project/root,git,958262400,all,ok_git,12381,ok,2799,ok,41
sanctuuary/ape,git,1529798400,all,ok_git,208,ok,47,ok,23
sanctuuary/restape,git,1677974400,all,ok_git,60,ok,16,ok,5
sedtrails/sedtrails,git,1731801600,all,ok_git,147,ok,194,ok,0
sfu-ireceptor/gateway,git,1498348800,all,ok_git,647,ok,0,ok,7
simphony/reaxpro-framework-ontology,git,1691884800,all,ok_git,1,not_attempted,0,ok,1
simphony/reaxpro-wrappers,git,1689465600,all,ok_git,16,ok,1,ok,17
spex-xray/pyspextools,git,1511654400,all,ok_git,45,ok,4,ok,6
spokenlanguage/platalea,git,1567900800,all,ok_git,130,ok,72,ok,4
surf-eds/one-button-compute,git,1443312000,all,ok_git,15,ok,17,ok,7
theochem/chemtools,git,1449360000,all,ok_git,129,ok,7,ok,0
theochem/horton,git,1310860800,all,ok_git,231,ok,140,ok,10
tilbotio/tilbot-main,git,1666483200,all,ok_git,60,ok,1,ok,1
tortellini-tools/action,git,1619913600,all,ok_git,32,ok,107,ok,3
tpronk/splithalfr,git,1558224000,all,ok_git,17,ok,8,ok,6
transientskp/tkp,git,1301788800,all,ok_git,541,ok,184,ok,10
twinl/website,git,1509840000,all,ok_git,9,not_attempted,0,ok,1
ubc-library/geodisy,git,1547942400,all,ok_git,150,ok,6,ok,0
umcu/ValidSense,git,1746316800,all,ok_git,3,ok,0,ok,0
umple/umple,git,1289088000,all,ok_git,1744,ok,1208,ok,30
undark-lab/swyft,git,1590278400,all,ok_git,182,ok,90,ok,19
usask-rc/radiam,git,1569715200,all,ok_git,164,ok,10,ok,0
uw-comphys/opencmp,git,1616284800,all,ok_git,44,ok,29,ok,1
vantage6/vantage6,git,1489881600,all,ok_git,865,ok,1137,ok,219
vcjdeboer/seahtrue,git,1664668800,all,ok_git,58,ok,21,ok,0
votca/xtp,git,1215302400,all,ok_git,1388,ok,174,ok,19
wadpac/GGIR,git,1454803200,all,ok_git,613,ok,835,ok,126
workflomics/workflomics-frontend,git,1674345600,all,ok_git,82,ok,44,ok,6
xarray-contrib/xarray-regrid,git,1690675200,all,ok_git,24,ok,36,ok,8
xenon-middleware/pyxenon,git,1448755200,all,ok_git,54,ok,29,ok,13
xenon-middleware/xenon,git,1364688000,all,ok_git,372,ok,409,ok,25
xenon-middleware/xenon-docker-images,git,1440288000,all,ok_git,81,ok,41,ok,1
yasgui-with-rosemary/app,git,1736035200,all,ok_git,7,ok,5,ok,2
yatiml/yatiml,git,1531008000,all,ok_git,41,ok,56,ok,14
