repo,id,fork,created_at,updated_at,pushed_at,size,stars,watchers,forks,open_issues,license,default_branch,topics
3D-e-Chem/3D-e-Chem-VM,49454607,False,2016-01-11T21:10:05Z,2025-06-21T01:43:29Z,2018-09-27T12:13:13Z,1677,17,17,3,5,Apache License 2.0,master,
3D-e-Chem/knime-gpcrdb,49501863,False,2016-01-12T13:31:10Z,2023-11-21T12:10:16Z,2023-11-21T12:15:13Z,18996,3,3,1,4,Apache License 2.0,master,
3D-e-Chem/knime-klifs,58537444,False,2016-05-11T11:00:29Z,2023-11-21T12:03:47Z,2023-11-21T14:18:08Z,12159,4,4,0,3,Apache License 2.0,master,
3D-e-Chem/knime-kripodb,51582805,False,2016-02-12T11:12:39Z,2023-11-22T09:01:29Z,2024-09-16T07:22:32Z,97103,0,0,1,1,GNU General Public License v3.0,master,
3D-e-Chem/knime-molviewer,65577724,False,2016-08-12T19:13:57Z,2023-11-22T10:02:41Z,2023-11-22T10:04:08Z,20061,3,3,0,4,Apache License 2.0,master,
3D-e-Chem/knime-pharmacophore,95231148,False,2017-06-23T15:10:14Z,2023-11-21T15:05:57Z,2023-11-22T10:23:10Z,3992,1,1,1,0,Apache License 2.0,master,
3D-e-Chem/knime-plants,75067461,False,2016-11-29T09:55:05Z,2025-03-11T01:50:58Z,2023-11-22T12:22:56Z,4732,4,4,2,3,Apache License 2.0,master,
3D-e-Chem/knime-python-node-archetype,63080247,False,2016-07-11T15:36:03Z,2023-11-23T13:40:58Z,2023-11-23T13:40:45Z,117,0,0,0,2,Apache License 2.0,master,
3D-e-Chem/knime-python-wrapper,63064868,False,2016-07-11T12:11:54Z,2023-11-23T13:39:37Z,2023-11-23T13:39:24Z,2971,1,1,1,1,GNU General Public License v3.0,master,
3D-e-Chem/knime-silicos-it,88729000,False,2017-04-19T09:52:58Z,2023-11-22T13:07:02Z,2023-11-22T13:07:26Z,13045,2,2,4,3,Apache License 2.0,master,
3D-e-Chem/knime-sstea,58061641,False,2016-05-04T15:08:06Z,2023-11-21T10:15:48Z,2023-11-21T11:18:55Z,634,0,0,0,3,Apache License 2.0,master,
3D-e-Chem/knime-testflow,61307488,False,2016-06-16T16:03:18Z,2023-11-20T13:40:42Z,2024-03-25T10:11:18Z,129,2,2,2,3,GNU General Public License v3.0,master,
3D-e-Chem/sygma,62628464,False,2016-07-05T10:34:52Z,2025-08-04T02:15:36Z,2018-03-19T12:37:28Z,66,17,17,4,4,GNU General Public License v3.0,master,
3D-e-Chem/tycho-knime-node-archetype,59283343,False,2016-05-20T09:45:00Z,2025-06-21T12:26:06Z,2023-11-24T08:24:08Z,136,7,7,3,6,Apache License 2.0,master,
524D/compareMS2,340360692,False,2021-02-19T12:19:57Z,2025-09-19T15:15:54Z,2025-10-09T14:13:33Z,4155,4,4,1,16,MIT License,main,
524D/mzrecal,218525025,False,2019-10-30T12:42:42Z,2024-09-11T11:44:39Z,2024-06-04T14:28:56Z,6565,9,9,0,4,MIT License,master,golang;mass-spectrometry;mzidentml;mzml;proteomics;recalibration
AA-ALERT/AMBER,32992365,False,2015-03-27T14:59:41Z,2025-07-24T08:41:09Z,2020-11-17T12:48:21Z,588,6,6,2,0,Apache License 2.0,master,
AA-ALERT/frbcat-web,92731314,False,2017-05-29T10:54:37Z,2025-08-14T08:58:00Z,2020-11-17T12:41:06Z,6272,2,2,2,0,Apache License 2.0,master,
AA-ALERT/frbcatdb,65897366,False,2016-08-17T10:05:56Z,2025-08-14T08:57:57Z,2020-11-17T12:44:55Z,45029,2,2,1,0,Apache License 2.0,master,
ADAH-EviDENce/evidence,278085258,False,2020-07-08T12:37:40Z,2023-11-01T19:33:43Z,2022-05-11T13:58:34Z,19023,3,3,2,19,GNU General Public License v3.0,master,close-reading;corpus;humanities;search
AI4S2S/lilio,588084019,False,2023-01-12T09:37:54Z,2025-09-25T08:16:47Z,2024-06-13T11:55:23Z,8979,6,6,1,8,Apache License 2.0,main,
AI4S2S/s2spy,491516387,False,2022-05-12T13:02:53Z,2025-09-25T08:18:50Z,2024-10-09T08:04:12Z,19262,22,22,7,16,Apache License 2.0,main,
ANNUBS/annubes,717155513,False,2023-11-10T17:26:36Z,2024-12-20T13:21:45Z,2024-12-17T16:32:57Z,1580,2,2,0,0,Apache License 2.0,main,
AmruteLab/PyChelator,719852795,False,2023-11-17T03:11:22Z,2025-03-04T13:56:40Z,2024-07-27T09:00:17Z,254,2,2,0,1,GNU General Public License v2.0,main,
ArenA-Crowds/Crowds,80648932,False,2017-02-01T18:13:47Z,2018-12-20T16:15:10Z,2018-12-20T16:15:08Z,12189,0,0,0,0,Apache License 2.0,master,
Basvanstein/GSAreport,445445786,False,2022-01-07T08:09:54Z,2025-02-14T12:57:33Z,2024-11-11T20:42:12Z,72399,14,14,0,1,MIT License,main,explainable-ai;machine-learning;python;sensitivity-analysis
Basvanstein/doe2vec,518967982,False,2022-07-28T19:17:32Z,2025-07-29T10:15:28Z,2024-07-23T07:20:17Z,29973,11,11,1,0,MIT License,main,
BirdsCanada/naturecounts,167440213,False,2019-01-24T21:25:11Z,2025-10-14T23:57:14Z,2025-11-13T23:10:35Z,487146,17,17,4,23,,main,
BlueObelisk/cmlxom,230639265,False,2019-12-28T17:11:57Z,2025-11-09T10:24:58Z,2025-11-09T09:49:58Z,2463,5,5,6,3,Apache License 2.0,main,chemical-markup-language;chemistry;hacktoberfest
BlueObelisk/euclid,230639684,False,2019-12-28T17:15:39Z,2025-11-02T14:43:01Z,2025-11-02T16:26:21Z,1893,3,3,3,3,Apache License 2.0,main,hacktoberfest
BlueObelisk/pybacting,390711946,False,2021-07-29T12:10:12Z,2025-09-29T06:32:26Z,2025-08-23T10:37:59Z,92,12,12,2,2,MIT License,main,
Building-acoustics-TU-Eindhoven/edg-acoustics,566830543,False,2022-11-16T14:10:03Z,2025-10-20T08:02:44Z,2025-10-16T15:26:09Z,61089,17,17,3,10,GNU General Public License v3.0,main,discontinuous-galerkin-method;finite-element-methods;high-order;impulse-response;room-acoustic-modeling;wave-based-room-acoustics
CLARIAH/grlc,46131212,False,2015-11-13T15:49:10Z,2025-10-15T12:31:31Z,2025-11-01T11:01:00Z,2646,144,144,32,34,MIT License,master,api;linked-data;linked-data-api;open-api;semantic-web;sparql;swagger-ui
CanDIG/CanDIGv2,155439792,False,2018-10-30T18:52:39Z,2025-11-10T21:16:18Z,2025-11-13T22:59:04Z,5278,17,17,9,5,GNU Lesser General Public License v3.0,develop,
CityRiverSpaces/CRiSp,790158453,False,2024-04-22T11:25:50Z,2025-10-13T16:17:50Z,2025-11-12T07:51:53Z,85336,17,17,1,25,Other,main,
CityRiverSpaces/rcoins,872482357,False,2024-10-14T14:09:33Z,2025-08-29T08:45:05Z,2025-08-20T14:18:50Z,8353,2,2,0,7,Apache License 2.0,main,
CityRiverSpaces/rcrisp-app,1007181969,False,2025-06-23T15:30:38Z,2025-10-31T07:33:05Z,2025-10-31T07:33:04Z,175,0,0,0,6,Apache License 2.0,main,
CityRiverSpaces/visor,907114260,False,2024-12-22T21:06:25Z,2025-09-10T09:36:17Z,2025-09-10T09:41:18Z,1614,0,0,0,2,Other,main,
Climate-REF/climate-ref,869887393,False,2024-10-09T04:23:39Z,2025-11-06T12:24:07Z,2025-11-06T12:24:01Z,166458,18,18,9,75,Apache License 2.0,main,climate;cmip;model-benchmarking;model-evaluation
Computational-Biology-TUe/mixed_meal_model_sbml,781502181,False,2024-04-03T14:01:26Z,2024-11-22T15:40:02Z,2024-06-12T08:10:42Z,377,1,1,0,2,Apache License 2.0,main,
ComputationalBiomechanicsLab/opensim-creator,362721375,False,2021-04-29T07:02:50Z,2025-11-13T07:13:46Z,2025-11-10T20:05:30Z,435701,195,195,24,131,Apache License 2.0,main,biomechanics;opensim;physics-simulation
ComputeCanada/magic_castle,204500239,False,2019-08-26T15:01:12Z,2025-11-10T20:09:07Z,2025-11-10T20:09:24Z,4858,158,158,44,21,MIT License,main,
DEEPDIP-project/AttentionLayer.jl,887387729,False,2024-11-12T16:51:50Z,2025-07-02T12:38:31Z,2025-11-08T07:12:01Z,1795,1,1,0,5,MIT License,main,
DEEPDIP-project/ConvolutionalNeuralOperator.jl,887124272,False,2024-11-12T07:58:07Z,2025-07-11T11:45:38Z,2025-11-08T07:22:09Z,2199,1,1,0,6,MIT License,main,
DEEPDIP-project/CoupledNODE.jl,760462639,False,2024-02-20T13:19:23Z,2025-07-11T07:22:04Z,2025-10-15T00:46:43Z,154998,5,5,0,11,Apache License 2.0,main,
DecodingRaphael/unraphael,697486490,False,2023-09-27T20:37:02Z,2025-05-12T13:51:09Z,2025-05-12T13:51:07Z,24365,2,2,2,1,Apache License 2.0,main,art;computer-vision;python
DeepRank/DeepRank-GNN,140863334,False,2018-07-13T15:23:32Z,2025-09-17T11:25:04Z,2024-03-22T11:37:01Z,100634,120,120,32,3,Apache License 2.0,master,graph;graph-networks;interface-classification;protein;protein-protein-interactions;pssm;scoring;utrecht-university
DeepRank/deeprank,103272485,False,2017-09-12T13:13:44Z,2025-11-13T20:35:26Z,2023-11-28T19:28:50Z,110563,146,146,24,74,Apache License 2.0,master,3d-cnn;docking;protein-protein-interaction;pytorch
DeepRank/deeprank2,450496579,False,2022-01-21T13:12:57Z,2025-09-11T03:37:26Z,2024-12-18T11:59:10Z,111709,55,55,14,31,Apache License 2.0,main,convolutional-neural-networks;deep-learning;graph-neural-networks;protein-protein-interfaces;pytorch;single-residue-variants;structural-biology
DeepRank/iScore,137098046,False,2018-06-12T16:16:02Z,2025-05-21T08:10:47Z,2022-06-25T09:12:45Z,21654,31,31,10,12,Apache License 2.0,master,
DeepRank/pdb2sql,108279087,False,2017-10-25T14:08:12Z,2024-02-25T07:48:28Z,2023-03-17T08:11:23Z,2895,24,24,11,8,Apache License 2.0,master,
DeepRank/pssmgen,145694984,False,2018-08-22T10:41:46Z,2025-04-05T21:46:50Z,2022-06-26T14:17:28Z,755,20,20,5,0,Apache License 2.0,master,
DroneML/CoeusAI,870018586,False,2024-10-09T09:51:53Z,2025-06-30T13:26:23Z,2025-06-30T13:26:58Z,267,6,6,0,17,Apache License 2.0,main,
DroneML/pycoeus,866034443,False,2024-10-01T14:34:36Z,2025-05-09T08:06:20Z,2025-05-12T09:56:24Z,4730,1,1,0,21,Apache License 2.0,main,
Dvermetten/BIAS,394611103,False,2021-08-10T10:24:41Z,2025-10-16T09:03:55Z,2025-05-26T11:21:36Z,289540,9,9,2,0,Other,master,
DynaSlum/satsense,121391829,False,2018-02-13T14:24:41Z,2024-11-18T06:32:51Z,2020-06-18T12:19:57Z,26584,24,24,11,12,Apache License 2.0,master,classification;earth-observation;land-cover;land-use;machine-learning;machine-learning-algorithms;satellite-images
EC-Earth/ece2cmor3,80725861,False,2017-02-02T13:10:17Z,2025-11-13T12:51:53Z,2025-11-13T12:51:49Z,185451,20,20,6,27,Apache License 2.0,master,
EIT-ALIVE/eitprocessing,617944717,False,2023-03-23T12:46:14Z,2025-11-12T21:12:53Z,2025-11-12T21:13:53Z,165401,11,11,1,101,Apache License 2.0,main,
EOSC-LOFAR/lofar-ld,138730107,False,2018-06-26T11:44:54Z,2018-11-26T19:03:17Z,2018-11-26T19:03:16Z,58676,0,0,0,2,Apache License 2.0,master,linked-data;radio-astronomy;radioastronomy
EPiCs-group/chemspax,296282558,False,2020-09-17T09:37:56Z,2024-10-15T10:53:24Z,2024-10-04T12:12:59Z,4290,13,13,4,4,MIT License,master,
ERA-URBAN/fm128_radar,77047230,False,2016-12-21T11:50:04Z,2022-01-18T15:17:43Z,2018-09-17T11:29:34Z,43,3,3,3,0,Apache License 2.0,master,
ERA-URBAN/netcdf2littler,51359212,False,2016-02-09T10:10:05Z,2025-10-12T15:43:37Z,2018-06-13T11:25:38Z,271,22,22,10,3,Apache License 2.0,master,convert;littler;netcdf;wrf;wrfda
ESI-FAR/INA-tool,767588619,False,2024-03-05T15:08:02Z,2025-09-16T11:09:25Z,2025-09-16T11:09:21Z,2081,3,3,0,26,MIT License,main,
ESI-FAR/emissionfactor-nl,916555759,False,2025-01-14T10:27:17Z,2025-07-08T10:16:13Z,2025-04-02T14:24:57Z,1717,1,1,0,2,Apache License 2.0,main,
ESI-FAR/h2-scenario-explorer,925278008,False,2025-01-31T15:19:29Z,2025-06-04T19:23:07Z,2025-06-04T15:59:50Z,918,0,0,0,7,Apache License 2.0,main,
ESI-FAR/h2-scenario-preprocessing,897355005,False,2024-12-02T13:43:50Z,2025-07-24T13:48:15Z,2025-07-24T13:48:11Z,33,0,0,0,0,Apache License 2.0,master,
ESMValGroup/ESMValCore,190192145,False,2019-06-04T11:58:08Z,2025-11-11T13:32:58Z,2025-11-13T21:28:27Z,143665,53,53,44,134,Apache License 2.0,main,
ESMValGroup/ESMValTool,80120461,False,2017-01-26T14:15:37Z,2025-11-11T13:12:54Z,2025-11-13T16:50:39Z,244371,255,255,142,214,Apache License 2.0,main,
EXCITED-CO2/excited-workflow,649666628,False,2023-06-05T11:26:37Z,2025-03-26T13:02:33Z,2025-03-26T13:03:07Z,2522,4,4,0,10,Apache License 2.0,main,
EcoExtreML/STEMMUS_SCOPE,429795196,False,2021-11-19T12:47:42Z,2025-10-06T09:12:30Z,2025-09-23T14:32:06Z,64618,21,21,7,57,GNU General Public License v3.0,main,
EcoExtreML/STEMMUS_SCOPE_Processing,488509497,False,2022-05-04T08:29:51Z,2025-01-14T10:48:13Z,2025-09-17T14:55:48Z,2488,5,5,2,22,Apache License 2.0,main,
EcoExtreML/infra,604194178,False,2023-02-20T14:34:18Z,2023-02-20T14:34:18Z,2023-10-04T07:39:55Z,73,0,0,0,1,Apache License 2.0,main,
EcoExtreML/zampy,624319550,False,2023-04-06T07:56:30Z,2025-01-28T08:59:23Z,2025-01-28T08:59:23Z,2918,1,1,0,25,Apache License 2.0,main,
ExploreASL/ExploreASL,229218435,False,2019-12-20T08:00:06Z,2025-10-24T03:06:02Z,2025-11-07T16:29:36Z,450915,55,55,13,368,Other,main,asl;exploreasl;image;matlab;perfusion;processing;qc;toolbox
EyeofBeholder-NLeSC/orange3-argument,577722891,False,2022-12-13T11:31:48Z,2025-10-28T17:33:37Z,2024-04-08T15:46:39Z,12944,4,4,1,26,Apache License 2.0,main,argument-mining;natural-language-processing;orange3;python;sentiment-analysis;visualization
FAIR-data-for-CAPACITY/FHIR-to-CAPACITY,299556738,False,2020-09-29T08:42:52Z,2022-03-08T15:13:41Z,2022-03-08T15:13:37Z,175,0,0,0,1,Apache License 2.0,master,
FZJ-JSC/JUBE,414114462,False,2021-10-06T07:35:25Z,2025-10-15T10:34:43Z,2024-05-30T09:07:01Z,21512,42,42,15,12,GNU General Public License v3.0,master,benchmarking;hpc;workflows
FZJ-JSC/JURI,717066175,False,2023-11-10T13:34:47Z,2025-11-01T15:13:20Z,2025-11-01T15:13:31Z,13063,4,4,0,0,GNU General Public License v3.0,main,
FZJ-JSC/LLview,713949067,False,2023-11-03T15:23:36Z,2025-11-10T15:18:16Z,2025-11-10T15:18:12Z,69661,35,35,2,0,GNU General Public License v3.0,main,hpc;monitoring
FastMLC/fMLC,103378630,False,2017-09-13T09:11:18Z,2022-01-11T14:53:33Z,2019-05-17T12:23:44Z,89992,3,3,2,0,GNU General Public License v3.0,master,
Filter-Bubble/e2e-Dutch,276878416,False,2020-07-03T10:58:27Z,2024-06-20T09:42:02Z,2022-02-03T13:56:11Z,251,10,10,3,11,Apache License 2.0,master,
Filter-Bubble/stroll,244903802,False,2020-03-04T13:11:43Z,2022-01-06T16:46:52Z,2021-08-02T12:15:11Z,538,4,4,2,12,Apache License 2.0,master,
FormingWorlds/PROTEUS,156256169,False,2018-11-05T17:27:08Z,2025-11-12T09:51:08Z,2025-11-13T15:03:51Z,464823,19,19,2,72,Apache License 2.0,main,astronomy;astrophysics;atmosphere;exoplanets;geochemistry;geophysics;mantle;simulation-framework
GCRC/nunaliit,5954105,False,2012-09-25T17:59:38Z,2025-11-11T17:23:41Z,2025-11-12T20:12:36Z,80767,48,48,17,191,"BSD 3-Clause ""New"" or ""Revised"" License",master,
GEMDAT-repos/GEMDAT,653022851,False,2023-06-13T09:04:36Z,2025-10-03T15:49:11Z,2025-04-17T09:29:42Z,7075,32,32,5,5,Apache License 2.0,main,data-analysis;lammps;molecular-dynamics;python;vasp
GO-Eratosthenes/dhdt,255881873,False,2020-04-15T10:24:47Z,2024-01-12T18:12:48Z,2023-11-28T09:55:36Z,434375,7,7,1,10,Apache License 2.0,master,landsat8;photohypsometry;python;rapideye;sentinel-2
GalerkinToolkit/GalerkinToolkit.jl,497260571,False,2022-05-28T08:35:38Z,2025-11-01T09:45:11Z,2025-11-13T19:06:18Z,74877,34,34,4,18,MIT License,main,code-generation;computational-science;finite-element-methods;hpc;julia;metaprogramming;mpi;pdes;scientific-computing
GeoSensorWebLab/arctic-biomap-server,43310424,False,2015-09-28T15:47:48Z,2025-11-09T06:35:37Z,2017-03-13T20:03:36Z,2408,2,2,2,0,MIT License,master,
GeoSensorWebLab/arctic-portal,39525673,False,2015-07-22T19:20:44Z,2021-12-15T00:52:03Z,2021-12-15T00:52:00Z,325,0,0,0,1,MIT License,master,
GooglingTheCancerGenome/sv-callers,87865971,False,2017-04-10T23:12:15Z,2025-10-16T05:48:42Z,2025-02-14T15:59:09Z,220582,80,80,36,8,Apache License 2.0,master,bioinformatics;cancer-genomics;germline-variants;hpc-applications;snakemake;somatic-variants;structural-variants;sv-calling;wgs;workflow
GooglingTheCancerGenome/sv-channels,103524603,False,2017-09-14T11:32:53Z,2025-03-29T02:42:44Z,2023-11-19T10:53:34Z,471275,39,39,6,23,Apache License 2.0,master,
GooglingTheCancerGenome/sv-gen,128196921,False,2018-04-05T11:31:25Z,2025-01-11T10:37:52Z,2025-02-14T15:57:46Z,23586,7,7,1,1,Apache License 2.0,master,bioinformatics;cancer-genomics;hpc-applications;simulator;snakemake;structural-variants;wgs;workflow
GrainLearning/grainLearning,462604171,False,2022-02-23T06:07:35Z,2025-10-06T00:22:38Z,2025-10-16T20:23:58Z,142170,11,11,1,17,"BSD 3-Clause ""New"" or ""Revised"" License",main,bayesian-inference;low-discrepancy-sequences;mixture-models;parameter-identification;sequential-monte-carlo;uncertainty-quantification
ICOS-Carbon-Portal/meta,35385052,False,2015-05-10T19:35:42Z,2025-11-11T14:47:04Z,2025-11-11T14:47:00Z,8920,6,6,1,30,GNU General Public License v3.0,master,
ICOS-Carbon-Portal/pylib,282904428,False,2020-07-27T13:20:53Z,2025-09-12T19:44:52Z,2025-06-16T08:42:17Z,22240,15,15,3,23,,master,dataaccess;european;greenhouse-gas;icos
IMAU-paleo/UFEMISM2.0,640839178,False,2023-05-15T08:31:30Z,2025-10-22T10:50:36Z,2025-11-10T16:51:46Z,45648,7,7,6,68,MIT License,main,
InPhyT/COVID19-Italy-Integrated-Surveillance-Data,432025841,False,2021-11-26T01:57:50Z,2025-10-01T17:47:48Z,2025-10-01T17:47:44Z,2080366,31,31,4,0,Other,main,covid-19;covid19-data;data;data-analysis;data-structures;data-visualization;data-wrangling;database;dataset;epidemiological-data;epidemiology;italy;italy-data;italy-dataset;open-data;surveillance;surveillance-data;time-series;time-series-analysis
InPhyT/UnrollingAverages.jl,430885253,False,2021-11-22T22:34:58Z,2024-11-26T19:16:27Z,2022-12-13T01:21:37Z,770,19,19,2,0,MIT License,main,julia;julia-language;julia-package;reverse-engineering;statistics;stats;time-series;time-series-analysis;time-series-data;time-series-database;time-series-transformation
Islandora/islandora,1107291,True,2010-11-23T21:56:01Z,2025-09-18T17:48:24Z,2025-10-30T19:06:47Z,20964,155,155,119,2,GNU General Public License v2.0,2.x,islandora;islandora-legacy
JuliaAstro/AstroImages.jl,124951007,False,2018-03-12T21:01:09Z,2025-11-04T15:32:05Z,2025-11-07T22:59:00Z,527174,29,29,10,6,Other,master,astronomy;cfitsio;fits;fitsio;image-processing;julia
JuliaAstro/AstroLib.jl,53582386,False,2016-03-10T12:23:46Z,2025-11-06T05:36:40Z,2025-08-12T02:17:29Z,1388,87,87,25,6,Other,master,astronomy;astrophysics;julia
JuliaAstro/Cosmology.jl,13183230,False,2013-09-29T00:11:52Z,2025-08-12T01:18:07Z,2025-08-12T01:21:02Z,489,56,56,25,5,MIT License,master,astronomy;astrophysics;cosmology;julia
JuliaAstro/LombScargle.jl,63068979,False,2016-07-11T13:09:22Z,2025-09-15T06:29:44Z,2025-09-15T06:36:21Z,2856,32,32,14,5,Other,master,astronomy;astrophysics;julia;lomb-scargle-periodogram;periodic;periodogram;signal-processing;time-series
JuliaAstro/SkyCoords.jl,17160419,False,2014-02-25T03:40:56Z,2025-09-03T18:19:11Z,2025-09-03T18:43:13Z,1159,26,26,14,9,Other,master,astronomy;coordinate-systems;julia
JuliaBesties/BestieTemplate.jl,689467581,False,2023-09-09T22:45:16Z,2025-11-07T12:52:49Z,2025-10-14T20:49:25Z,4377,91,91,11,68,Mozilla Public License 2.0,main,best-practices;code-quality;copier;copier-template;julia;julia-best-practices;julia-language;julia-template;template
JuliaGraphs/MultilayerGraphs.jl,490352002,False,2022-05-09T16:00:24Z,2025-10-27T16:01:51Z,2025-10-28T22:09:28Z,14291,126,126,5,30,MIT License,main,complex-networks;complex-systems;discrete-mathematics;graph;graph-algorithms;graph-theory;graph-theory-algorithms;graph-theory-analysis;graphs;julia;julia-language;julia-package;multilayer-graphs;multilayer-network;multilayer-networks;multiplex-networks;network;network-analysis;network-science;networks
JuliaHealth/ICD_GEMs.jl,494094231,False,2022-05-19T13:57:11Z,2024-08-02T04:36:24Z,2022-12-23T18:00:06Z,1597,17,17,3,0,MIT License,main,cdc;clinical-data;clinical-research;data;death-certificates;epidemiology;health-data;icd-10;icd-10-cm;icd-9;icd-codes;julia;julia-language;julia-package;mortality-data;public-health;who
JuliaParallel/MPI.jl,5291188,False,2012-08-03T22:30:24Z,2025-11-11T05:17:36Z,2025-11-07T20:06:17Z,4813,423,423,124,89,The Unlicense,master,hpc;julia;julia-language;microsoft-mpi;mpi;mpich;openmpi
JuliaPhysics/Measurements.jl,59006506,False,2016-05-17T08:56:30Z,2025-11-13T19:14:05Z,2025-10-18T14:26:55Z,29062,519,519,42,27,MIT License,master,arbitrary-precision;complex-numbers;error-propagation;julia;linear-algebra;multiprecision;numerical-integration;physical-quantities;physics;uncertainties;uncertainty-propagation
JuliaPhysics/PhysicalConstants.jl,147588034,False,2018-09-05T22:46:26Z,2025-09-25T18:25:23Z,2025-08-18T07:35:27Z,539,118,118,15,2,Other,master,arbitrary-precision;codata;constants;julia;physics
JungleComputing/rocket,257305994,False,2020-04-20T14:26:39Z,2023-10-13T08:37:04Z,2022-02-23T19:10:13Z,231,4,4,1,1,Apache License 2.0,master,
JustinStarreveld/ROBIST,494070848,False,2022-05-19T12:53:49Z,2025-05-16T19:21:30Z,2024-09-17T15:32:21Z,11055,2,2,1,0,MIT License,main,algorithm;data-driven;robust-optimization
KBNLresearch/ochre,107543464,False,2017-10-19T12:30:52Z,2025-03-15T11:22:34Z,2019-09-19T10:29:15Z,1006,121,121,18,19,Apache License 2.0,master,
KernelTuner/kernel_float,604528869,False,2023-02-21T08:52:34Z,2025-10-31T18:02:43Z,2025-10-31T18:04:35Z,7154,12,12,3,0,Apache License 2.0,main,bfloat16;cpp;cuda;floating-point;gpu;half-precision;header-only-library;hip;kernel-tuner;low-precision;mixed-precision;performance;reduced-precision;vectorization
KernelTuner/kernel_launcher,521251695,False,2022-08-04T12:08:55Z,2025-09-09T19:42:31Z,2025-09-12T11:40:28Z,7655,21,21,2,2,Apache License 2.0,master,cpp;cuda;gpu;kernel-tuner
KernelTuner/kernel_tuner,54894320,False,2016-03-28T13:32:17Z,2025-11-12T11:11:11Z,2025-11-12T11:12:56Z,43489,372,372,59,19,Apache License 2.0,master,auto-tuning;autotuning;c;cplusplus;cuda;cuda-kernels;gpu;gpu-computing;kernel-tuner;machine-learning;opencl;opencl-kernels;optimization;python;software-development;testing
KonradHoeffner/rickview,472769298,False,2022-03-22T13:01:08Z,2025-11-03T10:04:04Z,2025-11-03T10:04:07Z,740,33,33,3,15,MIT License,master,
LAHTeR/htr-quality-classifier,617998039,False,2023-03-23T14:44:52Z,2024-11-05T09:02:58Z,2023-11-16T14:22:26Z,3403,3,3,0,5,GNU General Public License v3.0,main,classification;htr;machine-learning;neural-networks;scikit-learn
LINNAE-project/SFB-Annotator,263038074,True,2020-05-11T12:37:46Z,2022-09-19T20:47:47Z,2022-09-19T20:47:42Z,35180,1,1,0,20,Apache License 2.0,master,
LXCat-project/LXCat,659287597,False,2023-06-27T14:08:48Z,2025-11-09T12:52:05Z,2025-11-09T12:52:01Z,17649,13,13,1,25,,main,
LiacsProjects/Wearda,377861968,False,2021-06-17T14:37:22Z,2025-01-29T06:18:48Z,2023-11-30T14:15:28Z,9090,8,8,4,2,MIT License,main,
LimeSurvey/LimeSurvey,3305384,False,2012-01-30T14:14:53Z,2025-11-13T17:46:13Z,2025-11-14T00:18:42Z,1414135,3406,3406,1073,141,Other,master,html5;javascript;limesurvey;mssql;mysql;php;postgres;react;responsive-design;survey
Living-with-machines/MapReader,430661738,False,2021-11-22T10:29:48Z,2025-10-14T11:07:01Z,2025-09-19T16:39:29Z,461442,121,121,19,85,Other,main,article;computer-vision;deep-learning;digital-humanities;hut23;hut23-96;machine-learning;maps;pytorch;spatial-data
MALES-project/SpeckleCn2Profiler,740396202,False,2024-01-08T09:04:50Z,2025-10-26T17:35:25Z,2025-10-20T11:53:04Z,21375,8,8,1,2,Apache License 2.0,main,equivariant-networks;image-processing;machine-learning;python;signal-processing;turbulence
MD-Studio/MDStudio,58353958,False,2016-05-09T06:34:57Z,2025-06-22T07:56:22Z,2019-12-20T09:30:56Z,86054,14,14,0,44,Apache License 2.0,master,crossbar;microservice-framework;molecular-dynamics;python;science;scientific-computing
MD-Studio/cerise,83544633,False,2017-03-01T10:55:22Z,2021-10-06T21:21:31Z,2019-05-29T09:25:16Z,770,7,7,1,11,Other,develop,
MINE-DD/dashboard,945990149,False,2025-03-10T12:49:30Z,2025-11-09T19:20:48Z,2025-11-09T19:20:45Z,27081,1,1,0,7,Apache License 2.0,main,
MaastrichtU-IDS/crowdED,112316112,False,2017-11-28T09:41:47Z,2023-03-10T16:06:41Z,2024-04-05T14:12:13Z,85659,5,5,5,0,MIT License,master,crowdsourcing;optimization;python;shiny
MaastrichtU-Library/the-FAIR-extension,533294805,False,2022-09-06T11:32:41Z,2023-11-07T20:13:00Z,2023-08-04T08:41:08Z,5648,6,6,0,13,Apache License 2.0,main,chrome-extension;fair-data;fair-digital-objects
MiBiPreT/anatrans,777288068,False,2024-03-25T15:10:26Z,2025-10-16T07:19:35Z,2025-10-28T14:15:09Z,8232,0,0,0,37,Apache License 2.0,main,
MiBiPreT/mibibio,962584890,False,2025-04-08T11:25:26Z,2025-06-24T14:33:46Z,2025-06-24T14:34:01Z,1035,1,1,0,6,Apache License 2.0,main,
MiBiPreT/mibiscreen,774274410,False,2024-03-19T09:01:29Z,2025-10-05T10:30:54Z,2025-10-03T13:39:11Z,92623,1,1,0,16,Apache License 2.0,main,microbiome;python;remediation
MiBiPret/mibiremo,804196910,False,2024-05-22T06:20:32Z,2025-09-29T08:31:54Z,2025-09-29T08:44:35Z,29989,1,1,0,2,Apache License 2.0,main,
MindTheGap-ERC/StratPal,828433860,False,2024-07-14T06:15:26Z,2025-08-29T07:21:17Z,2025-10-16T07:48:41Z,7971,1,1,0,0,Apache License 2.0,main,palaeobiology;palaeontology;paleobiology;paleontology;stratigraphic-paleobiology;stratigraphy
MindTheGap-ERC/admtools,600476509,False,2023-02-11T16:05:19Z,2025-05-21T07:33:15Z,2025-05-21T11:54:26Z,14345,4,4,0,5,GNU General Public License v3.0,main,age-depth-model;geochronology;sedimentology;stratigraphy
MotionbyLearning/sarxarray,563781394,False,2022-11-09T10:21:22Z,2025-10-17T19:59:02Z,2025-09-04T07:45:44Z,8823,21,21,5,6,Apache License 2.0,main,earth-observation;insar;interferometry;radar;sar
MotusWTS/motus,111029152,False,2017-11-16T22:25:53Z,2025-05-10T19:43:21Z,2025-10-02T03:24:13Z,425469,20,20,6,1,GNU General Public License v3.0,main,bats;birds;insects;science;telemetry;tracking
MyDigiTwinNL/CDF2Medmij-Mapping-tool,652487256,False,2023-06-12T07:10:24Z,2025-11-13T15:01:46Z,2025-11-13T15:02:29Z,2372,2,2,1,9,Apache License 2.0,main,
MyDigiTwinNL/LifelinesCSV2CDF,665241758,False,2023-07-11T19:00:02Z,2024-11-20T13:15:51Z,2024-11-20T13:15:48Z,42,0,0,0,0,Apache License 2.0,main,
MycoAI/taxotagger,837143096,False,2024-08-02T09:56:26Z,2025-05-27T23:53:50Z,2025-01-16T16:51:57Z,1406,2,2,0,0,Apache License 2.0,main,
MycoAI/taxotagger-webapp,876173264,False,2024-10-21T14:16:55Z,2025-01-16T16:43:58Z,2025-01-16T16:43:56Z,28499,1,1,2,0,Apache License 2.0,main,
NL-BioImaging/biomero,638954891,False,2023-05-10T13:04:43Z,2025-10-27T09:28:40Z,2025-10-27T13:56:17Z,11577,24,24,6,5,Apache License 2.0,main,biaflows;bioimaging;biomero;cytomine;fair;high-content-screening;high-performance-computing;high-throughput-screening;image-analysis;omero;python;slurm
NLESC-JCER/EigenCuda,162742332,False,2018-12-21T17:44:22Z,2025-05-22T02:03:20Z,2022-02-03T14:01:07Z,242,20,20,6,6,Apache License 2.0,master,cpp14;eigen3;gpu-computing;matrix-multiplication
NLESC-JCER/Fortran_Davidson,164907178,False,2019-01-09T17:24:33Z,2025-07-09T06:36:43Z,2020-02-12T17:11:28Z,15221,17,17,4,7,Apache License 2.0,master,davidson-eigensolver;eigenvalues;linear-algebra;modern-fortran;research-and-development
NLESC-JCER/QMCTorch,255629819,False,2020-04-14T14:18:24Z,2025-09-17T06:07:51Z,2025-05-13T18:33:38Z,49536,29,29,2,12,Apache License 2.0,main,
NLESC-JCER/QMCblip,465304471,False,2022-03-02T12:52:14Z,2025-04-11T14:41:16Z,2022-05-18T13:18:16Z,5318,1,1,0,4,Apache License 2.0,master,
NLESC-JCER/QUICKLB,432941941,False,2021-11-29T07:21:11Z,2022-03-16T12:18:04Z,2022-05-31T15:31:37Z,97,0,0,0,5,Apache License 2.0,main,
NLeSC-COMPAS/compas-toolkit,660066479,False,2023-06-29T07:08:17Z,2025-04-28T19:32:32Z,2025-10-31T13:53:26Z,6331,1,1,0,8,Apache License 2.0,main,cuda;gpu;julia;mri;quantitative-mri
NLeSC-COMPAS/kmm,681599510,False,2023-08-22T11:07:19Z,2025-08-28T15:31:28Z,2025-09-22T11:36:17Z,8753,0,0,1,3,Apache License 2.0,main,cuda;dag;dag-scheduling;dataflow;gpu;gpu-acceleration;gpu-programming;hip;hpc;memory;memory-management;parallel;performance;scheduler
NLeSC-GO-common-infrastructure/dcachefs,320692094,False,2020-12-11T21:53:37Z,2024-07-05T08:32:06Z,2023-05-04T21:11:27Z,108,0,0,0,2,Apache License 2.0,master,
NLeSC-GO-common-infrastructure/marzipan,303491969,False,2020-10-12T19:24:04Z,2021-05-26T11:47:25Z,2021-05-26T11:47:22Z,90,0,0,0,2,Apache License 2.0,main,
NLeSC-GO-common-infrastructure/stac2dcache,315137074,False,2020-11-22T21:37:09Z,2024-07-05T08:40:18Z,2022-10-31T16:53:03Z,1969,0,0,0,3,Apache License 2.0,main,
NLeSC/Chemical-Analytics-Platform,40237065,False,2015-08-05T09:36:17Z,2025-06-21T12:26:26Z,2018-09-27T11:53:19Z,112,7,7,0,4,Apache License 2.0,master,
NLeSC/DiVE,69663950,False,2016-09-30T12:13:50Z,2024-11-05T02:18:41Z,2018-03-12T13:17:27Z,124398,26,26,6,6,GNU General Public License v2.0,master,3d-data;embedded-data;high-dimensional-data;interactive-visualizations;manifold-learning;non-linear-dimensionality-reduction;web-application
NLeSC/EEG-epilepsy-diagnosis,56344151,False,2016-04-15T19:18:07Z,2025-03-05T07:40:30Z,2018-05-17T08:23:57Z,8059,6,6,1,0,Apache License 2.0,master,
NLeSC/MAGMa,5886723,False,2012-09-20T13:20:14Z,2025-01-02T14:28:13Z,2022-10-30T21:54:17Z,13045,15,15,6,7,Apache License 2.0,master,
NLeSC/Massive-PotreeConverter,37066865,False,2015-06-08T12:57:11Z,2025-10-13T08:50:46Z,2020-02-21T19:22:22Z,3149,84,84,20,17,Apache License 2.0,master,
NLeSC/OCTSegmentation,26428728,False,2014-11-10T08:58:57Z,2024-10-11T17:07:31Z,2018-10-16T14:05:23Z,6394,3,3,4,0,Apache License 2.0,master,
NLeSC/PattyAnalytics,24677176,False,2014-10-01T12:15:26Z,2022-09-13T13:45:25Z,2018-09-27T12:00:20Z,1391,14,14,7,6,Apache License 2.0,master,
NLeSC/SalientDescriptor-matlab,97616448,False,2017-07-18T15:41:26Z,2017-07-18T15:48:01Z,2017-11-16T15:15:41Z,2492,0,0,0,1,Apache License 2.0,master,
NLeSC/SalientDetector-matlab,55982881,False,2016-04-11T15:11:23Z,2023-03-22T07:17:21Z,2017-11-06T16:12:52Z,29997,1,1,0,3,Apache License 2.0,master,
NLeSC/SalientDetector-python,55982608,False,2016-04-11T15:08:17Z,2018-02-23T17:30:43Z,2017-11-06T16:25:39Z,40521,2,2,1,6,Apache License 2.0,master,
NLeSC/ShiCo,45527288,False,2015-11-04T09:06:02Z,2025-04-24T18:12:00Z,2022-03-21T15:43:02Z,30007,27,27,9,6,Apache License 2.0,master,
NLeSC/UncertaintyVisualization,39941491,False,2015-07-30T09:06:11Z,2024-07-11T10:04:11Z,2017-12-21T14:22:59Z,68582,2,2,6,0,Apache License 2.0,master,
NLeSC/ahn-pointcloud-viewer,35207172,False,2015-05-07T08:07:58Z,2024-10-11T09:11:46Z,2018-11-03T22:34:38Z,21549,24,24,6,26,Apache License 2.0,master,
NLeSC/ahn-pointcloud-viewer-ws,37066934,False,2015-06-08T12:58:19Z,2024-11-01T06:49:42Z,2017-09-21T13:28:42Z,502,7,7,2,1,Apache License 2.0,master,
NLeSC/baklava,185579173,False,2019-05-08T09:54:45Z,2023-09-20T20:00:17Z,2020-01-29T13:00:27Z,58,3,3,4,1,Apache License 2.0,master,ansible;glusterfs;kubernetes;kubernetes-deployment;kubespray;opennebula;terraform
NLeSC/boatswain,80722427,False,2017-02-02T12:23:44Z,2020-09-08T10:15:20Z,2020-09-08T10:15:17Z,128,4,4,2,4,Apache License 2.0,master,
NLeSC/case-law-app,79349354,False,2017-01-18T14:45:03Z,2025-09-13T16:53:45Z,2022-05-20T18:03:29Z,5780,10,10,9,17,Apache License 2.0,master,
NLeSC/cptm,53065279,False,2016-03-03T16:24:06Z,2023-10-13T06:25:37Z,2017-10-27T13:36:15Z,211,11,11,2,2,Apache License 2.0,master,
NLeSC/eAstroViz,9029515,False,2013-03-26T12:16:21Z,2024-12-30T15:56:00Z,2024-07-10T15:31:33Z,1146094,4,4,0,0,Apache License 2.0,master,
NLeSC/eEcology-Annotation-WS,12431401,False,2013-08-28T10:59:18Z,2021-09-03T10:50:50Z,2022-05-20T17:44:16Z,6611,2,2,1,0,Apache License 2.0,master,
NLeSC/eEcology-Classification,15971601,False,2014-01-16T15:21:14Z,2022-02-03T18:30:24Z,2016-10-10T11:18:45Z,2024,2,2,2,0,GNU General Public License v3.0,master,
NLeSC/eEcology-SMS-reciever,31325016,False,2015-02-25T17:01:40Z,2018-11-30T10:29:37Z,2023-01-31T08:41:44Z,81,1,1,0,2,Apache License 2.0,master,
NLeSC/eEcology-script-wrapper,12950420,False,2013-09-19T14:21:14Z,2021-09-21T07:42:59Z,2018-03-23T09:59:28Z,49496,0,0,2,0,Apache License 2.0,master,
NLeSC/esibayes,10356805,False,2013-05-29T09:55:46Z,2022-01-22T12:16:59Z,2018-09-25T14:54:12Z,71574,2,2,3,17,Apache License 2.0,master,
NLeSC/fairdatapoint,37470907,False,2015-06-15T14:39:10Z,2025-06-01T04:54:04Z,2024-07-02T09:43:39Z,9594,23,23,14,8,Apache License 2.0,master,dataset-interface;dcat;dcmi;fair-data;metadata;rdf;restful-api
NLeSC/hadrianus-scripts,51365229,False,2016-02-09T12:25:08Z,2018-10-15T06:09:08Z,2018-10-15T06:09:07Z,18,0,0,0,0,,master,
NLeSC/litstudy,206312286,False,2019-09-04T12:19:05Z,2025-11-11T14:40:26Z,2025-05-27T08:55:26Z,21999,206,206,62,33,Apache License 2.0,master,bibliographics;bibliometric-analysis;bibliometric-visualization;bibliometrics;jupyter;literature-review;literature-review-tool;literature-search;python;scientometrics;systematic-literature-reviews;systematic-reviews
NLeSC/lokum,207833767,False,2019-09-11T14:34:08Z,2020-11-26T11:08:08Z,2020-03-04T14:51:13Z,58,1,1,3,13,Apache License 2.0,master,apache-spark;cassandra;dask;glusterfs;jupyterhub
NLeSC/mcfly,59207352,False,2016-05-19T13:09:26Z,2025-10-16T17:17:46Z,2025-09-04T15:40:08Z,11423,365,365,83,63,Apache License 2.0,main,auto-ml;deep-learning;time-series
NLeSC/noodles,45391130,False,2015-11-02T11:42:22Z,2024-01-03T14:12:57Z,2023-02-08T02:40:45Z,5426,21,21,7,18,Apache License 2.0,master,
NLeSC/osmium,9696045,True,2013-04-26T13:38:07Z,2019-02-28T14:55:13Z,2018-03-23T09:59:25Z,593,0,0,0,8,Apache License 2.0,master,
NLeSC/pattyvis,22908125,False,2014-08-13T08:17:44Z,2025-05-20T11:37:41Z,2022-05-20T18:50:00Z,49064,12,12,11,9,Apache License 2.0,master,
NLeSC/python-pcl,32396548,True,2015-03-17T13:57:47Z,2018-09-26T09:33:38Z,2018-09-26T09:34:38Z,644,10,10,1,0,Other,master,
NLeSC/python-template,68704490,False,2016-09-20T11:18:42Z,2025-11-13T01:22:19Z,2025-10-07T09:47:36Z,2672,226,226,83,108,Apache License 2.0,main,boilerplate;copier;copier-python;copier-template;python;python-template;research-software;template
NLeSC/spot,56071453,False,2016-04-12T14:42:20Z,2024-09-11T18:11:07Z,2022-02-07T22:32:38Z,72655,21,21,11,28,Apache License 2.0,master,cross-platform;crossfilter;javascript;spot;visualization;web-app
NLeSC/structure-from-motion,32327001,False,2015-03-16T13:33:40Z,2023-11-05T20:27:04Z,2018-09-26T14:25:44Z,71115,61,61,17,5,GNU General Public License v2.0,master,
NLeSC/xenon-cli,80642209,False,2017-02-01T16:58:46Z,2022-06-08T05:29:06Z,2020-12-16T11:28:29Z,594,2,2,3,21,Apache License 2.0,master,
NLeSC/xenon-grpc,91104943,False,2017-05-12T15:27:28Z,2020-03-23T08:47:34Z,2020-03-23T08:52:57Z,544,0,0,1,3,Apache License 2.0,master,
NLeSC/xtas,13321040,False,2013-10-04T09:47:55Z,2025-05-14T07:41:13Z,2022-12-15T20:08:18Z,1937,96,96,31,31,Other,master,
NLeSC/zarrviz,668604699,False,2023-07-20T07:41:17Z,2025-11-13T11:51:23Z,2025-11-13T11:51:19Z,10747,4,4,1,9,,main,
NNPDF/nnpdf,118135201,False,2018-01-19T14:30:29Z,2025-11-12T21:22:53Z,2025-11-13T15:20:44Z,319612,34,34,12,106,GNU General Public License v3.0,master,hep;hep-ph;lhc;particle-physics;parton-distribution-functions;physics;quantum-chromodynamics
NPLinker/nplinker,153827069,False,2018-10-19T18:43:21Z,2025-08-18T01:05:19Z,2025-10-31T15:32:44Z,122434,21,21,12,20,Apache License 2.0,dev,data-harmonization;data-integration;genomics;metabolomics;multi-omics-integration
NPLinker/nplinker-webapp,515509259,False,2022-07-19T08:59:24Z,2025-05-23T11:16:07Z,2025-05-23T11:16:04Z,3141,4,4,2,13,Apache License 2.0,main,dashboard;genomics;metabolomics;natural-products
NaturalHPC/cerulean,152397426,False,2018-10-10T09:26:42Z,2025-02-05T19:21:02Z,2025-02-05T19:20:58Z,230,7,7,2,5,Apache License 2.0,develop,
ODISSEI-School-Choice/school-choice,483226861,False,2022-04-19T11:57:49Z,2023-09-29T10:01:51Z,2023-09-29T10:47:25Z,218099,0,0,0,2,Apache License 2.0,master,
OceanParcels/parcels,43358723,False,2015-09-29T09:43:00Z,2025-11-13T14:36:59Z,2025-11-13T16:00:17Z,148779,340,340,164,128,MIT License,v4-dev,lagrangian-ocean-modelling;ocean-circulation-models;particles
OpenDA-Association/OpenDA,134861859,False,2018-05-25T13:45:51Z,2025-10-22T13:02:50Z,2025-11-10T11:09:22Z,1226113,93,93,31,117,GNU Lesser General Public License v3.0,master,
OpenMS/OpenMS,15763403,False,2014-01-09T10:15:13Z,2025-11-13T04:27:04Z,2025-11-13T18:52:08Z,821493,541,541,364,586,Other,develop,3-clause-bsd;algorithms;analyses;c-plus-plus;hacktoberfest;linux;macos;mass-spectrometry;metabolomics;ms-data;openms;proteomics;windows
Ouranosinc/PAVICS-landing,327347690,False,2021-01-06T15:09:36Z,2025-11-13T19:39:32Z,2025-11-13T19:39:29Z,441501,1,1,0,4,,master,
PMEAL/porespy,35181546,False,2015-05-06T20:35:41Z,2025-11-12T15:35:58Z,2025-11-12T15:35:53Z,1634762,374,374,111,40,MIT License,dev,3d-images;image-analysis;porespy;porous-materials;porous-media;python;scientific-visualization;tomography;voxel-generator
PanBrowse/PanVA,561379242,False,2022-11-03T15:05:32Z,2025-10-26T18:04:52Z,2025-06-23T10:39:55Z,17715,10,10,1,3,GNU General Public License v3.0,main,
PanUtils/pantools-pipeline-v4,660590992,False,2023-06-30T10:59:55Z,2025-09-19T06:30:15Z,2025-04-11T11:55:30Z,4626,6,6,3,0,GNU General Public License v3.0,main,
PartitionedArrays/PartitionedArrays.jl,319607706,False,2020-12-08T10:45:12Z,2025-11-10T12:47:28Z,2025-09-08T07:51:06Z,5858,128,128,21,21,MIT License,master,hpc;julia;linear-algebra;mpi;parallel-algorithms;parallel-data
PerfectFit-project/virtual-coach-main,419364535,False,2021-10-20T14:28:25Z,2024-10-10T08:45:05Z,2024-03-19T08:31:50Z,1070,5,5,3,1,Apache License 2.0,main,
PlusToolkit/PlusLib,80171815,False,2017-01-27T01:16:26Z,2025-11-13T19:26:55Z,2025-11-13T19:26:50Z,1179769,143,143,112,118,Other,master,
QDUNI/FairSECO,538515959,False,2022-09-19T13:28:05Z,2025-10-01T14:58:52Z,2025-10-01T14:58:47Z,5066,4,4,2,0,GNU Affero General Public License v3.0,main,
QUMIA/train-scripts,704001389,False,2023-10-12T10:35:56Z,2024-12-12T10:58:28Z,2024-12-12T10:58:24Z,428,2,2,1,0,Apache License 2.0,main,ai;neuromuscular;ultrasound
QuantumApplicationLab/qalcore,515140538,False,2022-07-18T10:40:01Z,2024-11-29T17:07:52Z,2024-11-29T17:07:33Z,686,1,1,0,2,Apache License 2.0,main,
QuantumApplicationLab/vqls-prototype,610885018,True,2023-03-07T17:15:57Z,2025-10-05T09:02:27Z,2024-11-27T16:59:01Z,3358,19,19,8,7,Apache License 2.0,main,
QuantumRadioAstronomy/hera_cal_quantum,530976417,True,2022-08-31T07:22:27Z,2024-09-14T12:39:27Z,2023-11-02T18:05:47Z,137789,1,1,0,0,MIT License,main,
RETURN-project/BenchmarkRecovery,207575104,False,2019-09-10T14:00:52Z,2025-06-13T09:14:03Z,2021-07-13T12:35:35Z,39416,0,0,0,5,Apache License 2.0,master,
RS-DAT/JupyterDaskOnSLURM,432855112,False,2021-11-29T00:04:04Z,2025-09-02T13:03:18Z,2025-09-02T13:03:15Z,350,15,15,3,27,Apache License 2.0,main,
ReSurfEMG/ReSurfEMG,500798106,False,2022-06-07T10:45:44Z,2025-10-06T15:02:21Z,2025-11-01T12:17:59Z,220608,19,19,11,10,Apache License 2.0,main,electromyogram;electromyography;healthcare-analysis
ReSurfEMG/ReSurfEMG-dashboard,516740721,False,2022-07-22T12:23:49Z,2025-08-18T14:31:14Z,2025-08-18T14:38:13Z,7540,4,4,0,13,Apache License 2.0,main,
SCM-NV/pyZacros,274920199,False,2020-06-25T13:14:01Z,2025-09-26T12:42:59Z,2025-09-26T12:43:00Z,112153,8,8,3,0,Other,trunk,
SCM-NV/qmflows,60843590,False,2016-06-10T11:39:01Z,2025-10-17T10:52:29Z,2024-02-01T08:21:42Z,35620,50,50,9,4,Other,master,automation;bioinformatics;chemistry;materials;python-3;quantum-mechanics;science;scientific-workflows
SDCCA/quafing,492048903,False,2022-05-13T21:48:58Z,2024-04-22T10:37:29Z,2025-01-21T13:27:18Z,551,1,1,0,22,Apache License 2.0,main,
SLURM-CLI-API-Proxy/SLURM-CLI-API-Proxy-client,889049009,False,2024-11-15T14:08:43Z,2025-10-15T14:22:07Z,2025-10-15T14:26:07Z,2729,0,0,0,2,Apache License 2.0,main,
SS-NES/code-auditor,876141422,False,2024-10-21T13:20:21Z,2025-05-22T11:57:14Z,2025-05-20T10:34:19Z,387,2,2,0,2,GNU General Public License v3.0,main,code-quality;conformity-assessment;software-development
SS-NES/docassemble-SMPDecisionTree,809708821,False,2024-06-03T09:49:18Z,2025-09-29T17:47:00Z,2025-09-16T13:52:49Z,197,2,2,2,30,Apache License 2.0,main,
SSIML2021/SSIML2021,355485935,False,2021-04-07T09:26:57Z,2021-12-21T08:29:50Z,2021-12-21T08:29:48Z,17142,0,0,0,9,GNU General Public License v3.0,main,
SecConNet/mahiru,227143738,False,2019-12-10T14:40:15Z,2025-11-03T13:06:12Z,2022-10-24T19:35:33Z,6434,9,9,0,16,Apache License 2.0,develop,
SimVascular/SimVascular,41169947,False,2015-08-21T18:01:19Z,2025-11-12T23:10:51Z,2025-11-12T23:10:47Z,181268,287,287,139,200,Other,master,
Slicer/Slicer,246939908,False,2020-03-12T22:13:53Z,2025-11-13T22:33:52Z,2025-11-14T00:44:29Z,135324,2176,2176,662,652,Other,main,3d-printing;3d-slicer;c-plus-plus;computed-tomography;image-guided-therapy;image-processing;itk;kitware;medical-image-computing;medical-imaging;national-institutes-of-health;neuroimaging;nih;python;qt;registration;segmentation;tcia-dac;tractography;vtk
SlicerIGT/SlicerIGT,6869446,False,2012-11-26T17:30:45Z,2025-11-13T17:09:53Z,2025-11-13T17:09:46Z,30741,104,104,74,38,"BSD 3-Clause ""New"" or ""Revised"" License",master,3d-slicer-extension
SlicerRt/SlicerRT,103694782,False,2017-09-15T19:39:42Z,2025-11-13T15:52:36Z,2025-11-13T15:52:32Z,62838,145,145,63,77,,master,3d-slicer-extension
TRASAL/psrdada-python,132437444,False,2018-05-07T09:23:43Z,2025-01-16T01:53:22Z,2024-01-30T10:54:47Z,459,11,11,8,2,Other,master,astronomy;data;nlesc;psrdada;python;ringbuffer
TREX-CoE/aiida-champ,384401684,False,2021-07-09T10:25:02Z,2022-03-07T20:22:43Z,2021-12-28T20:59:57Z,2902,8,8,0,0,MIT License,master,
TRI-AMDD/mpet,298642454,False,2020-09-25T17:48:24Z,2025-09-15T22:46:12Z,2024-12-17T15:59:38Z,32079,37,37,9,11,Other,master,
TUDelftGeodesy/stmtools,556716843,False,2022-10-24T11:34:28Z,2025-09-04T08:17:59Z,2025-09-04T08:17:55Z,7974,10,10,0,9,Apache License 2.0,main,insar;interferometry;psi;radar;scatterer;space-time
TeachBooks/recombiner,877212771,False,2024-10-23T09:28:39Z,2025-06-12T10:52:35Z,2025-06-12T10:52:32Z,3789,0,0,1,4,Apache License 2.0,main,
Team-RADDISH/ParticleDA.jl,232626497,False,2020-01-08T18:02:03Z,2025-11-11T11:39:58Z,2025-11-11T11:39:55Z,96050,23,23,6,15,MIT License,main,
Transparency-in-the-non-profit-sector/nedextract,447383257,False,2022-01-12T22:01:22Z,2024-05-17T12:09:09Z,2024-11-10T16:23:51Z,5578,2,2,0,2,Apache License 2.0,main,information-extraction;nlp;transparency
TulipaEnergy/TulipaClustering.jl,712902842,False,2023-11-01T12:49:49Z,2025-10-13T14:30:36Z,2025-11-08T07:14:28Z,15065,5,5,6,10,Apache License 2.0,main,
TulipaEnergy/TulipaEnergyModel.jl,676520576,False,2023-08-09T11:43:24Z,2025-11-13T08:21:48Z,2025-11-13T18:18:43Z,141028,59,59,35,87,Apache License 2.0,main,energy-systems;energy-transition;milp;modelling-tool;optimization
TulipaEnergy/TulipaIO.jl,756428717,False,2024-02-12T16:40:34Z,2025-09-08T08:54:05Z,2025-11-08T07:08:45Z,1195,2,2,6,21,Apache License 2.0,main,
UNSAT3D/XrayTIFF2h5,656612731,False,2023-06-21T09:39:12Z,2024-08-07T10:17:34Z,2024-08-07T10:17:31Z,30,1,1,0,0,Apache License 2.0,main,
UNSAT3D/unsat,712821692,False,2023-11-01T09:16:09Z,2024-08-21T08:16:51Z,2024-10-14T08:19:55Z,16944,1,1,0,8,Apache License 2.0,main,
UUDigitalHumanitieslab/texcavator,34102239,False,2015-04-17T07:16:44Z,2025-09-10T11:36:31Z,2023-12-21T16:26:47Z,10492,11,11,1,34,Apache License 2.0,develop,django;dojo;elasticsearch;python
UniTo-SEPI/COVID-19_Piedmont,571272348,False,2022-11-27T17:52:58Z,2023-01-20T14:56:13Z,2023-01-21T14:07:06Z,128279,7,7,1,0,MIT License,main,covid-19;covid19-data;covid19-italy;data;data-analysis;data-management;data-modelling;data-visualization;infectious-disease-epidemiology;infectious-diseases;italy;pandemic-preparedness;piedmont;surveillance;time-series;time-series-analysis
Urban-M4/cityblocks,897379601,False,2024-12-02T14:29:31Z,2025-07-04T09:47:34Z,2025-07-04T09:47:31Z,25267,3,3,0,2,Apache License 2.0,main,
Urban-M4/snakemake-wrf,786901827,False,2024-04-15T14:14:45Z,2024-10-10T12:56:30Z,2025-01-06T10:52:31Z,8413,2,2,1,12,Apache License 2.0,main,
Urban-M4/streetscapes,876153029,False,2024-10-21T13:41:45Z,2025-09-25T14:03:26Z,2025-11-10T21:01:29Z,135729,14,14,0,24,Creative Commons Attribution Share Alike 4.0 International,main,
Urban-M4/wrf-runner,852121342,False,2024-09-04T09:04:49Z,2024-09-04T09:05:27Z,2024-09-04T09:05:23Z,25,0,0,0,0,,main,
UtrechtUniversity/IMAGE-LAND-LUE,707139840,False,2023-10-19T09:54:58Z,2024-08-07T16:06:24Z,2024-03-05T11:51:49Z,4854,1,1,0,0,GNU General Public License v3.0,main,
UtrechtUniversity/animal-sounds,408387579,False,2021-09-20T09:46:40Z,2025-11-13T19:53:51Z,2025-11-13T19:53:48Z,77323,12,12,4,5,Apache License 2.0,main,audio-processing;deep-learning;machine-learning;speech;utrecht-university
UtrechtUniversity/anonymouus,281087099,False,2020-07-20T10:33:37Z,2025-06-25T11:27:37Z,2023-07-05T10:35:38Z,148,5,5,0,4,MIT License,main,de-identification;python;text
UtrechtUniversity/clumped-processing,400205023,False,2021-08-26T14:49:37Z,2024-05-03T23:13:48Z,2023-04-26T21:59:07Z,5532,4,4,0,17,GNU General Public License v3.0,main,clumped;clumped-isotopes;isotope;mass-spectrometry;stable-isotopes
UtrechtUniversity/iBridges,724112706,False,2023-11-27T12:26:57Z,2025-10-30T09:55:23Z,2025-11-12T09:17:12Z,3862,20,20,8,10,MIT License,develop,data-analysis;data-engineering;data-science;datascience;irods-client
UtrechtUniversity/ia-webscraping,329035317,False,2021-01-12T15:49:39Z,2025-10-05T00:17:43Z,2024-11-05T12:25:38Z,22477,4,4,4,5,MIT License,main,aws;internet-archive;python;terraform;web-scraping
UtrechtUniversity/patent-breakthrough,502999852,False,2022-06-13T14:53:28Z,2025-06-06T18:48:12Z,2024-07-22T09:58:45Z,17996,5,5,2,0,MIT License,main,
UtrechtUniversity/ricgraph,587441886,False,2023-01-10T19:02:05Z,2025-11-11T10:33:54Z,2025-11-11T10:33:50Z,173419,29,29,5,0,MIT License,main,data-enrichment;data-harvesting;data-linking;enrichment;graph;graph-database;harvest;harvest-data;harvester;knowledge-graph;linked-data;metadata;research-in-context-graph;ricgraph;ricgraph-explorer;ricgraph-rest-api;utrecht-university;visualization
UtrechtUniversity/streetview-segmentation,516302822,False,2022-07-21T09:16:11Z,2025-07-25T14:47:15Z,2023-02-03T14:13:10Z,52,7,7,1,0,,main,
UtrechtUniversity/tweet_collector,378895173,False,2021-06-21T10:38:31Z,2023-03-29T08:03:04Z,2023-08-14T22:43:39Z,383,3,3,3,4,MIT License,main,
UtrechtUniversity/yoda,96306635,False,2017-07-05T10:18:10Z,2025-11-12T07:44:13Z,2025-11-12T14:11:16Z,48343,53,53,25,64,GNU General Public License v3.0,development,ansible;automated-deployment;data;irods;research;utrecht-university;yoda
VegeWaterDynamics/motrainer,299843809,False,2020-09-30T07:36:49Z,2024-09-03T08:45:41Z,2024-09-03T08:45:37Z,32392,2,2,0,7,Apache License 2.0,main,data-assimilation;distributed-computing;kalman-filter;machine-learning
Via-Appia/via-appia-online-viewer,366370843,False,2021-05-11T12:17:05Z,2024-05-16T11:49:58Z,2024-04-12T08:16:22Z,4397737,4,4,2,0,Apache License 2.0,main,
WAM2layers/WAM2layers,471007521,False,2022-03-17T13:31:28Z,2025-10-22T14:05:46Z,2025-10-22T14:14:07Z,62405,55,55,20,25,Apache License 2.0,main,
WDscholia/scholia,70430478,False,2016-10-09T21:07:00Z,2025-10-14T20:38:14Z,2025-09-05T18:38:08Z,5706,242,242,88,932,GNU General Public License v3.0,main,bibliography;bibliometrics;bibtex;citations;code4lib;datacuration;dataviz;fairdata;hacktoberfest;latex;linked-open-data;literature;scientometrics;sparql;wikicite;wikidata
abinit/abinit,84868276,False,2017-03-13T19:51:09Z,2025-11-13T15:40:26Z,2025-09-06T08:42:06Z,633637,247,247,98,17,Other,master,ab-initio;abinit;density-functional-theory;dfpt;fortran;kohn-sham;mbpt
abrupt-climate/hyper-canny,86834996,False,2017-03-31T15:39:57Z,2021-02-18T09:24:35Z,2018-03-26T15:56:08Z,6122,0,0,1,0,Apache License 2.0,master,
aces/Loris,1125630,False,2010-11-30T14:57:57Z,2025-11-12T19:53:16Z,2025-11-12T19:55:03Z,107567,157,157,186,502,GNU General Public License v3.0,main,data-sharing;database;hacktoberfest;loris;neuroimaging;neuroinformatics;science
aces/brainbrowser,17673490,False,2014-03-12T16:10:51Z,2025-11-11T18:22:34Z,2025-08-14T20:39:06Z,157919,379,379,134,38,GNU Affero General Public License v3.0,master,
aces/cbrain,32819225,False,2015-03-24T19:08:42Z,2025-11-13T00:26:22Z,2025-11-13T00:26:18Z,21515,80,80,51,220,GNU General Public License v3.0,master,cbrain;cbrain-api;cbrain-architecture;cbrain-platform;cbrain-service;data-processing;hpc;rails-application;ruby;science
agdestein/IncompressibleNavierStokes.jl,409119094,False,2021-09-22T08:15:00Z,2025-11-11T14:22:47Z,2025-10-12T00:16:18Z,560086,88,88,16,5,MIT License,main,computational-fluid-dynamics;differentiable-physics;finite-volumes;navier-stokes;pde
aiproteomics/aiproteomics,476020606,False,2022-03-30T19:19:20Z,2025-02-13T14:44:16Z,2025-02-13T14:45:26Z,5882,2,2,2,25,Apache License 2.0,main,deep-learning;mass-spectrometry;msms;spectral-library
alan-turing-institute/DTBase,605589907,False,2023-02-23T13:36:32Z,2024-08-10T12:28:19Z,2024-04-22T08:49:15Z,5711,11,11,5,57,MIT License,main,hut23;hut23-1234;hut23-1374
alan-turing-institute/data-safe-haven,139710733,False,2018-07-04T11:05:36Z,2025-10-31T10:23:34Z,2025-11-01T03:24:46Z,166293,67,67,17,87,"BSD 3-Clause ""New"" or ""Revised"" License",develop,data-safe-haven;hacktoberfest;hut23;hut23-1304;hut23-190;hut23-448;hut23-612
alan-turing-institute/trustchain,514307492,False,2022-07-15T14:54:17Z,2025-10-18T06:21:21Z,2025-04-14T21:24:25Z,11875,18,18,5,80,Apache License 2.0,main,
amrvac/AGILE-experimental,775925439,True,2024-03-22T10:18:20Z,2025-11-12T13:47:57Z,2025-11-12T13:47:53Z,213506,4,4,1,5,GNU General Public License v3.0,master,
amusecode/amuse,18516331,False,2014-04-07T12:35:07Z,2025-11-13T13:17:14Z,2025-11-13T12:48:47Z,308523,175,175,110,196,Apache License 2.0,main,astronomy;astrophysics;python;simulations
analizo/analizo,358678,False,2009-11-02T23:17:01Z,2025-01-29T16:01:46Z,2024-11-12T11:09:45Z,3638,56,56,32,16,,dev,
arabic-digital-humanities/adhtools,118894019,False,2018-01-25T09:47:41Z,2025-03-04T09:16:41Z,2019-07-09T11:44:46Z,14660,5,5,1,3,Apache License 2.0,master,
aranvhout/OMSS_generator,871942021,False,2024-10-13T11:32:43Z,2025-09-26T10:26:45Z,2025-09-26T10:26:41Z,11396,0,0,0,0,GNU General Public License v3.0,main,
arnikz/PIQMIe,42406525,False,2015-09-13T17:57:03Z,2025-01-28T10:27:33Z,2025-01-31T15:52:25Z,98382,1,1,0,2,Apache License 2.0,master,data-analysis;data-management;data-visualisation;mass-spectrometry;peptide-identification;protein-inference;protein-quantification;proteomics;silac;web-application
arpra-project/arpra,69663368,False,2016-09-30T12:04:26Z,2025-06-03T03:35:09Z,2022-11-25T16:18:53Z,867,25,25,2,3,GNU Lesser General Public License v3.0,master,affine-arithmetic;arbitrary-precision;mpfr;numerical-analysis;range-analysis;scientific-computing;static-analysis
asreview-simulation/asreview-simulation,644977553,False,2023-05-24T16:45:52Z,2023-10-30T09:11:03Z,2024-02-26T17:40:50Z,10878,0,0,1,9,Apache License 2.0,main,
astra-toolbox/astra-toolbox,27917265,False,2014-12-12T11:12:10Z,2025-11-11T11:49:48Z,2025-11-06T10:54:07Z,5005,559,559,220,51,GNU General Public License v3.0,master,
astro-informatics/sleplet,306052936,False,2020-10-21T14:33:32Z,2025-11-04T12:01:34Z,2025-11-04T12:01:30Z,30581,10,10,1,3,"BSD 3-Clause ""New"" or ""Revised"" License",main,hacktoberfest;manifolds;python;slepian-functions;sphere;wavelets
backdem/democracy-datasets,704445695,False,2023-10-13T09:19:31Z,2024-08-07T12:36:58Z,2024-08-07T12:36:54Z,15,0,0,0,0,Creative Commons Zero v1.0 Universal,main,
backdem/democracy-text-classification,760497218,False,2024-02-20T14:29:35Z,2024-08-26T15:10:13Z,2024-08-26T15:10:10Z,869,0,0,0,0,Apache License 2.0,main,
backdem/democracy-topic-model,640915142,False,2023-05-15T11:49:38Z,2024-08-27T09:52:32Z,2024-08-27T09:52:29Z,51660,0,0,0,0,Apache License 2.0,main,
backdem/doc2sentences,718583684,False,2023-11-14T11:42:53Z,2023-11-14T11:46:58Z,2023-12-06T14:58:55Z,540,0,0,0,5,Apache License 2.0,main,
backdem/scrape-tool,607174509,False,2023-02-27T13:22:12Z,2024-09-04T07:05:28Z,2024-09-04T07:05:25Z,92,0,0,0,0,Apache License 2.0,main,
biomarkersParkinson/paradigma,733866900,False,2023-12-20T10:05:35Z,2025-11-06T10:20:43Z,2025-11-11T08:36:52Z,214442,6,6,1,16,Apache License 2.0,main,gait-analysis;imu-data;parkinsons-disease;ppg-signal;smartwatch;tremor
biomarkersParkinson/tsdf,577806372,False,2022-12-13T15:10:56Z,2025-10-03T05:38:03Z,2025-10-03T05:50:33Z,4892,2,2,0,18,Apache License 2.0,main,data-format;python;time-series
bouweandela/snakemake-storage-plugin-rucio,925261710,False,2025-01-31T14:44:15Z,2025-07-03T09:30:12Z,2025-06-20T13:19:39Z,190,2,2,1,1,Apache License 2.0,main,
brainspinner/cvasl,618300539,False,2023-03-24T07:08:41Z,2025-09-24T10:01:41Z,2025-02-05T14:59:36Z,90800,4,4,2,56,Apache License 2.0,main,age;arterial-spin-labeling;asl;brain
bridgedb/BridgeDbR,102938088,True,2017-09-09T08:08:35Z,2025-11-09T10:43:31Z,2025-11-09T10:43:27Z,8975,4,4,3,12,,devel,bioconductor-package;bridgedb;genes;identifiers;life-sciences;metabolites;proteins
bridgedb/BridgeDbWebservice,546656929,False,2022-10-06T12:39:07Z,2025-11-09T12:52:44Z,2025-11-09T12:55:13Z,895,2,2,3,18,Apache License 2.0,main,
bridgedb/bridgedb,13923694,False,2013-10-28T11:15:16Z,2025-09-18T06:17:26Z,2025-11-09T13:48:48Z,34364,31,31,22,36,Apache License 2.0,main,bioinformatics;bridgedb;database;hacktoberfest;identifier-mapping;java;mysql-backend;uri
c-martinez/BeyondTheBook,22951337,False,2014-08-14T11:30:21Z,2024-06-26T09:57:11Z,2018-09-27T10:12:17Z,32048,1,1,0,2,Apache License 2.0,master,
c3g/chord_singularity,211400115,False,2019-09-27T20:53:46Z,2021-06-21T15:33:04Z,2021-07-09T00:57:21Z,430,1,1,0,13,GNU Lesser General Public License v3.0,master,chord;singularity;singularity-container
c3s-magic/c3s-magic-wps,184254565,False,2019-04-30T12:02:23Z,2025-04-29T17:05:40Z,2019-11-16T09:57:46Z,7464,1,1,1,4,Other,master,
cancogen-virus-seq/portal,353392356,False,2021-03-31T14:51:30Z,2025-11-12T17:28:49Z,2025-11-12T20:38:54Z,4461,8,8,8,33,GNU Affero General Public License v3.0,main,hacktoberfest
candYgene/QTM,204893579,True,2019-08-28T09:17:12Z,2023-08-30T08:31:31Z,2020-08-30T16:16:51Z,387387,1,1,0,0,Apache License 2.0,master,
candYgene/pbg-ld,87857195,False,2017-04-10T21:00:27Z,2024-11-05T17:23:18Z,2023-11-30T20:03:33Z,1055043,2,2,5,16,Apache License 2.0,master,genome-annotation;genomics;linked-data;plant-sciences;qtl;rdf;solanaceae;sparql;traits;triples
candYgene/siga,87862207,False,2017-04-10T22:10:29Z,2021-05-16T09:27:34Z,2019-09-03T18:11:28Z,8610,0,0,2,12,Apache License 2.0,master,genome-annotation;gff;rdf;rdflib;triples
carbon-budget-explorer/cabe,644796777,False,2023-05-24T09:21:44Z,2024-07-02T13:06:03Z,2024-05-06T12:18:57Z,1868,1,1,0,35,Apache License 2.0,main,
carpentries-incubator/deep-learning-intro,930888821,False,2025-02-11T11:30:45Z,2025-02-13T12:44:53Z,2025-02-11T11:32:45Z,2,0,0,0,0,,main,
carpentries-incubator/geospatial-python,199736720,False,2019-07-30T22:31:22Z,2025-05-21T03:12:52Z,2025-11-11T01:06:26Z,127492,158,158,59,6,Other,main,carpentries;carpentries-incubator;education;english;geospatial-data;helpwanted-list;lesson;pre-alpha;python
carpentries-incubator/medical-image-processing,793524653,False,2024-04-29T11:41:57Z,2025-08-19T13:00:25Z,2025-11-11T00:43:42Z,85952,5,5,1,15,Other,main,carpentries-incubator;english;image-processing;lesson;pathology;pre-alpha;python;radiology
carrier-project/verticox,481642253,False,2022-04-14T14:48:05Z,2025-08-14T10:51:28Z,2025-08-06T09:52:42Z,14065,3,3,0,25,Apache License 2.0,main,
caselawanalytics/CaseLawAnalytics,70590009,False,2016-10-11T12:16:05Z,2024-02-04T20:39:35Z,2018-10-24T15:06:09Z,3393,6,6,5,7,Other,master,
cdk/cdk,660443,False,2010-05-11T08:30:07Z,2025-11-10T21:41:37Z,2025-11-10T21:41:32Z,255162,554,554,171,36,GNU Lesser General Public License v2.1,main,bioinformatics;blueobelisk;cheminformatics;chemistry;code4lib;java
ci-for-science/self-hosted-runners,224205991,False,2019-11-26T14:03:16Z,2025-09-01T15:33:32Z,2024-05-13T03:56:10Z,926,19,19,10,32,Apache License 2.0,master,continuous-integration;github-actions
citation-file-format/cff-converter-python,116825049,False,2018-01-09T14:16:28Z,2025-10-26T17:50:03Z,2025-10-01T21:04:47Z,2396,130,130,33,48,Apache License 2.0,main,attribution;bibtex;cff;citation;citation-files;codemeta;endnote;ris;schemaorg;software-sustainability;zenodo
citation-file-format/cff-initializer-javascript,385890883,False,2021-07-14T09:53:13Z,2025-10-09T12:56:40Z,2023-10-19T11:11:43Z,12556,29,29,8,90,Apache License 2.0,main,
citation-file-format/cffconvert-github-action,288964794,False,2020-08-20T09:35:30Z,2025-10-22T13:42:23Z,2023-11-27T11:47:37Z,161,28,28,3,13,Apache License 2.0,main,action;actions;cff;citation;citation-file-format;continuous-integration;github-action;github-actions;zenodo-citation-metadata
citation-file-format/citation-file-format,103366370,False,2017-09-13T07:12:17Z,2025-11-12T15:02:27Z,2025-11-06T07:44:14Z,32542,515,515,116,101,Creative Commons Attribution 4.0 International,main,attribution;citation;citation-files;credit;format;research-software-engineering;software-sustainability;wssspe
citation-js/citation-js,158958181,False,2018-11-24T17:21:08Z,2025-11-10T02:51:44Z,2025-10-20T12:45:42Z,6760,183,183,47,38,MIT License,main,hacktoberfest
citation-js/isaac-chrome-extension,469123821,False,2022-03-12T15:35:23Z,2025-09-01T16:16:48Z,2025-09-01T16:16:43Z,167,7,7,2,3,MIT License,main,
classmodel/class-web,824559189,False,2024-07-05T11:47:17Z,2025-10-17T09:43:29Z,2025-10-17T09:47:15Z,1492,0,0,1,36,GNU General Public License v3.0,main,
collaite/collens,865872530,False,2024-10-01T09:26:39Z,2025-11-13T20:54:47Z,2025-11-13T20:54:44Z,35289,2,2,0,9,,main,
common-workflow-language/cwltool,43816051,False,2015-10-07T13:03:05Z,2025-11-13T07:32:16Z,2025-11-13T07:32:13Z,12009,357,357,237,489,Apache License 2.0,main,common-workflow-language;commonwl;containers;cwl;science;sciworkflows;workflows
computationalgeography/lue,61718900,False,2016-06-22T12:52:57Z,2025-11-11T17:05:41Z,2025-11-11T17:05:33Z,10299,16,16,5,228,MIT License,master,amt;asynchronous-tasks;cartographic-modelling;computational-geography;distributed-computing;environmental-modelling;gis;hpc;lue;map-algebra;parallel-computing;scientific-database
copasi/COPASI,4810881,False,2012-06-27T16:35:48Z,2025-11-09T14:06:27Z,2025-11-13T12:50:50Z,113003,115,115,37,1,Artistic License 2.0,develop,biochemistry;chemical-kinetics;chemistry;copasi;dynamics;kinetics;modeling;simulation;systems-biology
csrc-sdsu/mole,358363347,False,2021-04-15T18:59:15Z,2025-11-13T21:07:53Z,2025-11-13T23:17:11Z,45071,34,34,64,23,GNU General Public License v3.0,main,finite-differences;mimetic;numerical-methods;pde;vector-calculus
ctwhome/SmartPlay,665958489,False,2023-07-13T11:35:17Z,2025-11-09T13:43:56Z,2025-11-13T12:32:02Z,28164,2,2,0,0,Apache License 2.0,main,sensors-data-collection;smartwatch;wear-os
cwrc/CWRC-WriterBase,82123127,False,2017-02-16T00:59:24Z,2023-04-28T08:58:30Z,2023-04-18T05:27:23Z,11769,14,14,3,148,GNU General Public License v2.0,master,
cwrc/beta.cwrc.ca,123989231,False,2018-03-05T22:51:41Z,2025-08-25T16:41:23Z,2024-06-13T23:29:03Z,266010,0,0,2,2,GNU General Public License v2.0,main,
dalesteam/dales,32735454,False,2015-03-23T13:59:51Z,2025-10-13T13:30:46Z,2025-11-13T15:48:20Z,184886,67,67,61,20,GNU General Public License v3.0,main,
davideceolin/FAReviews,261397752,False,2020-05-05T08:14:21Z,2024-04-15T07:32:19Z,2024-03-04T13:15:19Z,46795,1,1,2,4,Apache License 2.0,master,
dfsp-spirit/fsbrain,209085379,False,2019-09-17T15:05:51Z,2025-09-09T18:09:24Z,2025-09-09T18:09:21Z,392953,74,74,15,10,Other,master,3d;brain;dti;freesurfer;mesh;mri;neuroimaging;r;research;surface;visualization;voxel
dglaeser/gridformat,558832127,False,2022-10-28T11:57:40Z,2025-11-07T12:16:56Z,2025-04-11T15:10:35Z,34742,22,22,2,28,MIT License,main,computational-grid;input-output;numerical-modeling;simulation
dianna-ai/dianna,383466811,False,2021-07-06T12:49:11Z,2025-11-05T10:24:13Z,2025-02-04T10:18:09Z,292734,55,55,12,96,Apache License 2.0,main,explainable-artificial-intelligence;scientific-research
dianna-ai/distance_explainer,662624282,False,2023-07-05T14:27:47Z,2025-06-26T13:21:10Z,2025-02-03T11:44:59Z,282,2,2,0,2,Apache License 2.0,main,
dianna-ai/explainable_embedding,513836486,False,2022-07-14T09:22:53Z,2025-06-11T06:57:25Z,2025-01-17T15:00:14Z,38062,3,3,1,4,Apache License 2.0,main,
digitalmethodsinitiative/4cat,150257402,False,2018-09-25T11:52:37Z,2025-11-12T20:58:41Z,2025-11-11T15:35:32Z,72439,336,336,63,79,Other,master,digitalmethods;python;scraping;social-media;textanalysis
digitalmethodsinitiative/zeeschuimer,409246417,False,2021-09-22T14:55:45Z,2025-11-11T21:59:09Z,2025-10-08T14:12:00Z,14449,298,298,29,12,Other,master,
dl4ld/petrinet,388474904,False,2021-07-22T13:37:46Z,2025-01-27T04:36:54Z,2023-09-13T12:54:13Z,1738,3,3,1,0,MIT License,main,
doerte/discuit-project,602136803,False,2023-02-15T15:17:05Z,2023-02-22T08:14:13Z,2023-09-20T13:44:58Z,127,0,0,1,12,Apache License 2.0,main,
drcandacemakedamoore/cleanX,357094031,False,2021-04-12T07:13:55Z,2024-02-24T14:18:52Z,2022-11-10T08:08:36Z,70548,24,24,9,2,GNU General Public License v3.0,main,
dtscalibration/python-dts-calibration,143077491,False,2018-07-31T22:46:08Z,2025-11-09T11:58:18Z,2025-06-05T14:45:00Z,59906,40,40,19,12,"BSD 3-Clause ""New"" or ""Revised"" License",main,calibration;dts;python;temperature
duqtools/duqtools,492734189,False,2022-05-16T07:50:18Z,2025-06-26T12:37:16Z,2025-06-25T15:19:21Z,9849,10,10,2,7,Apache License 2.0,main,fusion-reactor;modelling;python;tokamak;uncertainty-quantification
duqtools/imas2xarray,724650588,False,2023-11-28T14:13:32Z,2025-09-07T13:08:01Z,2024-06-17T12:48:31Z,905,3,3,0,1,Apache License 2.0,main,fusion;hdf5;imas;python;xarray
e-mental-health/data-processing,129427565,False,2018-04-13T16:26:52Z,2025-08-23T10:36:07Z,2025-08-23T10:36:03Z,912,1,1,0,0,Other,master,
e-mental-health/orange-hackathon,205136200,False,2019-08-29T10:13:03Z,2022-03-08T13:55:29Z,2022-05-11T17:41:04Z,2318,1,1,1,4,Apache License 2.0,master,
eEcoLiDAR/Laserfarm,237231731,False,2020-01-30T14:34:09Z,2025-10-16T11:54:47Z,2023-04-30T10:27:21Z,7128,11,11,5,4,Apache License 2.0,master,
eEcoLiDAR/laserchicken,95649056,False,2017-06-28T08:51:42Z,2025-10-16T11:56:11Z,2025-03-24T16:12:53Z,13620,31,31,11,20,Apache License 2.0,master,
eScatter/pyelsepa,67701295,False,2016-09-08T12:30:15Z,2025-10-06T06:58:38Z,2024-06-15T20:54:25Z,32,6,6,5,4,Apache License 2.0,master,
eWaterCycle/Cesium-NcWMS,33532155,False,2015-04-07T08:46:55Z,2025-07-27T15:05:39Z,2019-03-12T13:07:41Z,134052,36,36,18,1,,ewatercycle-specific,
eWaterCycle/eWaterleaf,20572403,False,2014-06-06T17:39:14Z,2021-09-21T11:43:16Z,2018-09-27T08:10:57Z,45455,0,0,0,0,Apache License 2.0,master,
eWaterCycle/ewatercycle,146623155,False,2018-08-29T15:47:07Z,2025-10-19T03:27:09Z,2025-10-10T13:34:51Z,10594,38,38,5,62,Apache License 2.0,main,
eWaterCycle/ewatercycle-hype,700845356,False,2023-10-05T12:12:56Z,2023-10-06T10:01:24Z,2023-10-06T10:40:36Z,1423,0,0,0,7,Apache License 2.0,main,
eWaterCycle/ewatercycle-lisflood,701241965,False,2023-10-06T08:22:17Z,2024-09-24T10:08:58Z,2024-09-24T10:08:56Z,1929,1,1,1,9,Apache License 2.0,main,
eWaterCycle/ewatercycle-marrmot,701254495,False,2023-10-06T08:56:30Z,2024-09-24T10:02:06Z,2024-09-24T10:02:06Z,1773,0,0,0,5,Apache License 2.0,main,
eWaterCycle/ewatercycle-pcrglobwb,701263904,False,2023-10-06T09:21:25Z,2025-07-10T13:05:40Z,2025-07-10T13:05:37Z,2513,0,0,0,5,Apache License 2.0,main,
eWaterCycle/ewatercycle-wflow,701271847,False,2023-10-06T09:43:07Z,2024-09-19T09:27:13Z,2024-09-19T09:27:12Z,1875,0,0,0,4,Apache License 2.0,main,
eWaterCycle/ewatercycle-wflowjl,560337053,False,2022-11-01T09:09:12Z,2025-01-08T14:49:09Z,2025-07-15T06:05:10Z,420,0,0,1,2,Apache License 2.0,main,
eWaterCycle/experiment-launcher,127895213,False,2018-04-03T11:05:19Z,2021-08-27T06:29:06Z,2021-09-03T12:50:41Z,161,2,2,0,5,Other,main,
eWaterCycle/grpc4bmi,130237165,False,2018-04-19T15:34:36Z,2025-07-28T13:30:08Z,2025-07-28T13:57:29Z,842,5,5,5,42,Apache License 2.0,main,bmi;grpc;python
eWaterCycle/infra,148500245,False,2018-09-12T15:16:22Z,2025-07-15T07:35:20Z,2025-07-15T07:35:21Z,2382,0,0,0,23,Apache License 2.0,main,ansible;ewatercycle;hydrology
eWaterCycle/jupyterlab_thredds,128957660,False,2018-04-10T15:43:36Z,2023-07-15T00:10:13Z,2020-08-11T06:16:43Z,1106,25,25,3,16,Apache License 2.0,master,jupyterlab-extension;thredds
eWaterCycle/leakybucket-bmi,697740544,False,2023-09-28T11:33:34Z,2023-09-29T12:05:19Z,2024-03-26T10:21:00Z,458,0,0,0,0,Apache License 2.0,main,
eWaterCycle/remotebmi,777701055,False,2024-03-26T10:59:47Z,2024-12-02T12:50:33Z,2024-12-02T12:50:29Z,6436,0,0,1,13,Apache License 2.0,main,
eWaterCycle/setup-apptainer,538985027,False,2022-09-20T12:46:21Z,2025-11-10T09:34:11Z,2025-01-07T15:40:08Z,771,16,16,7,6,Apache License 2.0,main,
eWaterCycle/setup-grpc,283268398,False,2020-07-28T16:29:38Z,2025-08-08T19:57:48Z,2024-01-06T12:04:03Z,98,6,6,2,3,Apache License 2.0,main,
eWaterCycle/setup-singularity,283163471,False,2020-07-28T09:23:04Z,2025-05-29T12:49:36Z,2023-04-11T14:41:57Z,126,17,17,2,5,Apache License 2.0,master,
eWaterCycle/sfincs-bmi-server,685878723,False,2023-09-01T08:08:59Z,2023-09-20T09:09:31Z,2023-11-05T21:16:59Z,127,0,0,1,5,GNU General Public License v3.0,main,
eegyolk-ai/EEG_age_prediction,506770718,True,2022-06-23T19:44:52Z,2022-07-02T10:45:04Z,2022-03-03T16:30:20Z,88867,0,0,0,0,Apache License 2.0,main,
egonw/bacting,180730168,False,2019-04-11T06:38:07Z,2025-08-28T15:11:42Z,2025-08-16T20:39:54Z,1443,17,17,5,21,Other,main,bioclipse;bioinformatics;blueobelisk;cheminformatics;excel;hacktoberfest;rdf
elpaco-escience/scikit-talk,621731286,False,2023-03-31T09:08:38Z,2025-07-28T08:02:40Z,2025-03-31T12:49:32Z,441,3,3,2,25,Apache License 2.0,main,
elpaco-escience/talkr,613273151,False,2023-03-13T08:52:36Z,2025-07-28T08:02:35Z,2025-01-20T11:45:37Z,3395,3,3,0,34,Apache License 2.0,main,
emrecdem/emo-spectre,270940268,True,2020-06-09T08:03:09Z,2022-04-04T16:13:08Z,2022-04-04T16:17:09Z,9682,1,1,1,0,Apache License 2.0,master,
entangled/brei,707701648,False,2023-10-20T13:20:36Z,2024-11-25T10:16:12Z,2024-11-25T10:16:36Z,878,2,2,0,4,Apache License 2.0,main,
entangled/entangled.py,642129779,False,2023-05-17T22:20:11Z,2025-11-01T15:40:15Z,2025-11-13T15:30:19Z,618,72,72,10,10,Apache License 2.0,main,
era-urban/wrfpy,44315673,False,2015-10-15T12:25:18Z,2025-07-20T17:08:05Z,2021-03-19T22:41:48Z,238,13,13,5,5,Apache License 2.0,master,
ersilia-os/ersilia,277068989,False,2020-07-04T08:19:14Z,2025-11-12T14:22:08Z,2025-11-12T14:24:33Z,42015,283,283,172,33,GNU General Public License v3.0,master,drug-discovery;global-south;machine-learning;model-hub;neglected-tropical-disease;open-source
esciencecenter-digital-skills/NEBULA,671869060,False,2023-07-28T10:25:34Z,2025-10-30T14:58:08Z,2025-11-07T10:25:18Z,64560,1,1,3,32,Apache License 2.0,main,
eucp-project/atlas,373552477,False,2021-06-03T15:18:32Z,2024-08-07T05:43:53Z,2022-03-11T13:25:33Z,341422,3,3,3,14,Other,main,
eucp-project/storyboards,382376121,False,2021-07-02T14:44:38Z,2024-08-07T05:43:40Z,2023-02-14T10:58:28Z,145725,7,7,6,16,Other,main,
euroargodev/argopy,248016007,False,2020-03-17T16:14:32Z,2025-11-13T15:28:37Z,2025-11-13T17:57:22Z,1651521,217,217,46,46,European Union Public License 1.2,master,argo;argo-data;argo-floats;oceanography;python
ewatercycle/era5cli,171451221,False,2019-02-19T10:10:30Z,2025-09-24T18:35:59Z,2025-04-04T10:07:17Z,693,56,56,8,10,Apache License 2.0,main,
fair-data/fairdatapoint-client,334084536,False,2021-01-29T08:37:07Z,2022-03-08T10:19:57Z,2024-01-22T13:14:59Z,65,0,0,1,1,Apache License 2.0,master,
fair-software/fairtally,341901481,False,2021-02-24T12:59:18Z,2025-01-13T18:58:39Z,2025-05-07T10:10:44Z,288,5,5,3,25,Apache License 2.0,main,
fair-software/howfairis,292858062,False,2020-09-04T13:42:15Z,2025-10-12T15:11:43Z,2025-05-07T10:10:59Z,937,66,66,26,84,Apache License 2.0,main,fair;fair-software;fair4rs;fairness;research-software
fair-workflows/NanopubJL,273529669,False,2020-06-19T15:40:47Z,2021-06-25T14:47:31Z,2022-10-24T11:50:18Z,8604,3,3,2,1,Apache License 2.0,master,
fair-workflows/fairworkflows,244369407,False,2020-03-02T12:47:15Z,2025-11-06T11:32:49Z,2025-08-06T11:38:24Z,1927,14,14,3,13,Apache License 2.0,main,
fair-workflows/nanopub,302247101,False,2020-10-08T06:07:14Z,2025-10-28T12:08:24Z,2025-10-28T12:08:20Z,18015,32,32,12,15,Apache License 2.0,main,fair-data;nanopublications;rdf;rdflib
fastdatascience/drug_named_entity_recognition,468911436,False,2022-03-11T22:00:01Z,2025-10-27T20:16:30Z,2025-07-15T12:39:46Z,11932,30,30,13,5,MIT License,main,drug-discovery;drugs;named-entity-recognition;natural-language-processing;natural-language-understanding;ner;nlp;pharma;pharmaceutical;pharmaceuticals
filippi-claudia/champ,153474793,False,2018-10-17T14:51:31Z,2025-11-11T11:52:53Z,2025-11-13T15:49:40Z,94688,20,20,10,21,GNU General Public License v3.0,main,
geoflow-visualizer/geoflow-visualizer,481245154,False,2022-04-13T14:15:58Z,2023-02-01T12:59:06Z,2023-09-25T15:00:03Z,62428,0,0,1,1,Apache License 2.0,main,
geomedialab/atlascine,357396066,False,2021-04-13T02:08:50Z,2025-10-08T18:39:26Z,2025-03-03T18:05:44Z,1219,4,4,0,0,"BSD 3-Clause ""New"" or ""Revised"" License",main,cartography;geovisualization;multimedia;storymapping;visualization-tools;webmapping
glotaran/TIMP,27415783,False,2014-12-02T04:56:40Z,2024-11-14T12:39:42Z,2023-02-10T20:06:55Z,27321,3,3,1,2,GNU General Public License v2.0,main,parameter-estimation;r
glotaran/glotaran-legacy,11700816,False,2013-07-27T06:13:55Z,2023-10-20T17:10:46Z,2025-09-14T10:10:15Z,100731,13,13,7,39,,main,deprecated-repository;java;legacy-code;target-analysis;timp
glotaran/pyglotaran,58401715,False,2016-05-09T19:16:34Z,2025-08-01T20:02:06Z,2025-11-10T22:07:35Z,31515,57,57,18,12,GNU Lesser General Public License v3.0,main,data-analysis;glotaran;modelling;pyglotaran;python-library;target-analysis
grant-m-s/AstronomicAL,338042130,False,2021-02-11T13:50:16Z,2025-09-25T10:41:08Z,2025-04-30T10:33:24Z,62917,68,68,12,3,GNU General Public License v3.0,master,active-learning;astronomy;data-visualization;interactive;labelling;machine-learning;python
h-gear/revolution,718608751,False,2023-11-14T12:48:11Z,2025-01-20T11:44:21Z,2025-01-20T11:44:19Z,236408,2,2,1,0,Apache License 2.0,main,georeferencing;historical-correspondence-analysis;natural-language-processing;semi-supervised-topic-analysis;shifting-concepts-in-time;temporal-social-network-analysis;word-vectors
haddocking/haddock3,175445728,False,2019-03-13T15:13:02Z,2025-11-13T10:46:21Z,2025-11-11T16:31:07Z,669924,203,203,53,23,Apache License 2.0,main,bioinformatics;complexes;docking;integrative-modeling;modelling;proteins;utrecht-university;workflows
haddocking/powerfit,30263394,False,2015-02-03T20:38:00Z,2025-10-28T10:35:13Z,2025-10-28T10:35:08Z,53605,22,22,9,13,Apache License 2.0,master,cryo-em;gpu;python;utrecht-university
haddocking/protein-detective,960370072,False,2025-04-04T10:13:55Z,2025-10-28T12:11:42Z,2025-11-12T12:45:06Z,27217,0,0,0,5,Apache License 2.0,main,
haddocking/protein-quest,1033169378,False,2025-08-06T12:00:12Z,2025-11-11T07:02:26Z,2025-11-11T07:08:23Z,4938,1,1,0,5,Apache License 2.0,main,
harmonydata/harmony,652029526,False,2023-06-10T21:27:29Z,2025-11-11T09:23:41Z,2025-10-31T10:06:01Z,24884,43,43,50,18,MIT License,main,ai;data-harmonization;data-science;depression;embedding;embeddings;foss;harmonisation;harmonization;harmony;help-wanted;mental-health;natural-language-processing;nlp;open-source;psychology;python;research;research-project;social-sciences
hpgem/hpgem,215558757,False,2019-10-16T13:44:49Z,2024-03-29T18:23:55Z,2024-08-22T12:33:34Z,13657,9,9,6,16,Other,master,
hpgem/nanomesh,311460276,False,2020-11-09T20:43:41Z,2025-09-26T13:10:55Z,2024-06-17T12:45:05Z,187272,44,44,6,1,Apache License 2.0,main,finite-element-methods;image-processing;meshing;microscopy;python
i-VRESSE/bartender,529170246,False,2022-08-26T08:05:48Z,2024-11-06T21:44:40Z,2024-11-17T11:30:23Z,1979,1,1,0,25,Apache License 2.0,main,
i-VRESSE/haddock3-analysis-components,653663280,False,2023-06-14T13:35:56Z,2024-10-02T07:14:25Z,2024-10-02T07:14:05Z,456,0,0,0,2,Apache License 2.0,main,
i-VRESSE/haddock3-ui,832188126,False,2024-07-22T13:54:53Z,2024-10-08T11:01:36Z,2024-10-08T11:02:08Z,2242,0,0,0,1,Apache License 2.0,main,
i-VRESSE/haddock3-webapp,599055421,False,2023-02-08T11:06:29Z,2025-09-05T13:53:33Z,2025-09-05T13:53:29Z,32699,2,2,1,17,Apache License 2.0,main,
i-VRESSE/jupyterlab-haddock3-configurator,522583217,False,2022-08-08T14:29:50Z,2022-08-30T10:58:08Z,2022-08-30T10:23:29Z,1433,0,0,0,2,Apache License 2.0,main,
i-VRESSE/mkdocs_rich_argparse,1061799078,False,2025-09-22T11:58:08Z,2025-10-01T09:49:23Z,2025-10-01T09:49:26Z,325,0,0,0,2,Apache License 2.0,main,
i-VRESSE/pdbtbx-ts,486519622,False,2022-04-28T09:02:19Z,2025-06-07T00:29:23Z,2024-06-19T23:08:59Z,109,1,1,1,2,Apache License 2.0,main,
i-VRESSE/workflow-builder,430722855,False,2021-11-22T13:42:45Z,2024-12-26T16:18:41Z,2024-10-17T05:56:32Z,12024,5,5,2,24,Apache License 2.0,main,
iBridges-for-iRods/iBridges-GUI,428990798,False,2021-11-17T09:54:10Z,2025-10-09T08:54:10Z,2025-11-07T15:05:28Z,11536,16,16,9,9,GNU Lesser General Public License v2.1,develop,data-visualization;datascience;graphical-user-interface;irods-client
imagepbl/effort-sharing,626349300,False,2023-04-11T09:38:20Z,2025-10-27T10:19:44Z,2025-10-27T10:19:39Z,70828,0,0,1,29,MIT License,main,
inseq-team/inseq,406341006,False,2021-09-14T11:34:46Z,2025-10-27T03:05:20Z,2025-10-29T13:29:47Z,8796,444,444,38,29,Apache License 2.0,main,attribution-methods;captum;deep-learning;explainable-ai;generative-ai;huggingface;interpretability;language-generation;language-model;large-language-models;natural-language-processing;sequence-to-sequence;transformers
iomega/paired-data-form,155896083,False,2018-11-02T16:55:28Z,2025-09-17T17:48:15Z,2022-07-07T07:44:08Z,9248,6,6,4,2,Apache License 2.0,master,
iomega/spec2vec,263639748,False,2020-05-13T13:35:33Z,2025-11-11T09:12:13Z,2025-11-10T17:19:27Z,22421,77,77,20,8,Apache License 2.0,master,fuzzy-matching;fuzzy-search;mass-spectrometry;word2vec
isoverse/clumpedr,168287629,False,2019-01-30T05:56:58Z,2025-08-27T02:16:53Z,2025-06-05T14:17:00Z,1564,9,9,0,1,GNU General Public License v3.0,master,analysis;clumped;data;isotope;processing;r;stable;stable-isotopes
ivory-tower-private-power/sirup,667731991,False,2023-07-18T07:21:02Z,2024-08-21T05:22:56Z,2024-07-18T08:00:11Z,258,2,2,1,2,Apache License 2.0,main,
japhir/snvecR,627092810,False,2023-04-12T19:11:22Z,2025-03-10T13:31:39Z,2025-03-10T13:36:43Z,57760,4,4,0,2,GNU General Public License v3.0,main,
jasp-stats-modules/modules-app,1032651628,False,2025-08-05T16:05:19Z,2025-11-04T10:50:16Z,2025-11-06T10:27:20Z,1763,1,1,0,15,Apache License 2.0,main,
jasp-stats/jaspProcess,613359575,False,2023-03-13T12:24:59Z,2025-11-12T15:52:41Z,2025-11-12T15:52:36Z,5023,2,2,13,12,GNU General Public License v3.0,master,jasp;mediation-analysis;moderation-analysis;regression;statistics
jhidding/GraphvizDotLang.jl,568117849,False,2022-11-19T14:05:41Z,2025-02-02T17:49:48Z,2024-10-24T17:53:09Z,448,9,9,0,1,Apache License 2.0,main,
jhidding/check-deps,579510155,False,2022-12-17T23:25:19Z,2025-05-01T09:23:53Z,2025-05-01T09:23:50Z,47,1,1,0,0,Apache License 2.0,main,
joenio/holodev,39397578,False,2015-07-20T17:16:55Z,2024-09-28T14:35:29Z,2024-09-28T14:35:26Z,184,2,2,2,7,GNU General Public License v2.0,master,
kirklong/BroadLineRegions.jl,795699124,False,2024-05-03T20:52:23Z,2025-10-28T00:46:29Z,2025-10-28T00:49:56Z,82949,3,3,0,2,MIT License,main,
langtonhugh/asreview_irr,426176679,False,2021-11-09T10:01:34Z,2025-06-13T07:03:41Z,2025-06-13T07:03:27Z,109438,7,7,2,2,Apache License 2.0,main,asreview;rmarkdown
lightning-project/lightning,422202847,False,2021-10-28T12:51:50Z,2025-06-19T15:43:15Z,2022-02-18T13:40:25Z,3861,6,6,1,0,Apache License 2.0,main,cuda;cuda-kernels;distributed-systems;gpu;rust
m4ma/m4ma,506619919,False,2022-06-23T11:54:37Z,2024-07-18T14:49:59Z,2024-03-22T16:47:02Z,843,3,3,1,1,Other,main,
magnuspalmblad/addFeatures,782599375,False,2024-04-05T16:17:24Z,2025-09-29T16:06:37Z,2025-09-29T16:08:01Z,1563,0,0,0,0,MIT License,main,
matchms/matchms,265598917,False,2020-05-20T14:55:48Z,2025-11-12T10:55:50Z,2025-11-12T15:36:07Z,41334,234,234,76,34,Apache License 2.0,master,analysis;fuzzy-matching;fuzzy-search;mass-spectrometry;metabolomics;python3;similarity-measures
matchms/ms2deepscore,310047938,False,2020-11-04T15:49:33Z,2025-11-07T08:14:36Z,2025-11-07T14:49:55Z,92190,71,71,29,15,Apache License 2.0,main,
mathbioleiden/Tissue-Simulation-Toolkit,764087600,False,2024-02-27T13:08:40Z,2025-10-08T13:26:15Z,2025-05-31T09:19:04Z,18099,7,7,4,5,,TST2.0,
medema-group/bgc-viewer,1020890715,False,2025-07-16T14:49:28Z,2025-11-02T21:05:17Z,2025-11-13T18:17:13Z,747,4,4,0,40,Apache License 2.0,main,
medialab/hyphe,1193901,False,2010-12-23T18:27:34Z,2025-11-10T11:21:52Z,2025-09-16T11:12:40Z,96533,366,366,64,49,GNU Affero General Public License v3.0,master,
mess-nlesc/kunefe,764113803,False,2024-02-27T14:02:19Z,2024-03-27T12:50:47Z,2024-03-27T12:46:38Z,316,1,1,0,22,Apache License 2.0,main,apptainer;containers;docker;hpc;slurm;ssh
mexca/emvoice,665993095,False,2023-07-13T13:09:09Z,2024-09-27T14:25:42Z,2023-07-17T14:42:58Z,72,2,2,0,2,Apache License 2.0,main,
mexca/mexca,500818250,False,2022-06-07T11:49:25Z,2025-08-25T17:06:03Z,2025-04-07T10:21:39Z,25979,36,36,6,5,Apache License 2.0,main,computer-vision;docker;emotion-recognition;python;pytorch;sentiment-analysis;speech-processing;speech-to-text
multiscale/muscle3,122876985,False,2018-02-25T21:07:17Z,2025-11-10T13:38:25Z,2025-09-16T19:54:53Z,4076,32,32,19,105,Apache License 2.0,develop,
navigating-stories/orange-story-navigator,513849385,False,2022-07-14T10:03:43Z,2025-07-17T19:38:56Z,2025-05-26T18:56:57Z,17106,5,5,1,58,Other,master,data-analysis;orange3;stories;storytelling;text-mining
neelravi/slurm-mongo,627826885,False,2023-04-14T09:33:20Z,2023-04-17T11:29:15Z,2023-04-17T14:01:10Z,20,1,1,0,0,,main,
neelravi/trex2champ,640911337,False,2023-05-15T11:40:24Z,2023-11-24T07:36:32Z,2023-05-15T12:37:26Z,155,1,1,1,0,,main,
nesi/jupyterlab_slurm_time,404111369,False,2021-09-07T20:17:09Z,2022-06-22T00:57:01Z,2023-01-20T02:54:19Z,27,0,0,1,0,"BSD 3-Clause ""New"" or ""Revised"" License",main,
neurogym/neurogym,171901150,False,2019-02-21T15:54:59Z,2025-11-11T19:27:11Z,2025-11-09T20:22:00Z,27368,300,300,59,52,Apache License 2.0,main,
newsgac/platform,161313748,False,2018-12-11T10:01:49Z,2021-03-16T00:04:50Z,2025-11-10T18:24:04Z,4013,5,5,1,29,Apache License 2.0,master,genre-classification;machine-learning;natural-language-processing;transparency
nlesc-ave/ave-rest-service,44877908,False,2015-10-24T17:58:52Z,2023-06-30T21:07:19Z,2021-07-12T07:26:27Z,2584,1,1,0,14,Apache License 2.0,master,
nlesc-dirac/sagecal,83693259,False,2017-03-02T15:29:01Z,2025-08-28T08:51:05Z,2025-10-08T21:04:34Z,41622,13,13,8,4,GNU General Public License v2.0,master,admm;calibration;consensus-optimization;cuda;gpu-acceleration;lofar;nonlinear-optimization;radio-astronomy;sagecal;ska
nlesc-eTAOC/pyTAMS,707169096,False,2023-10-19T11:06:52Z,2025-11-11T13:02:41Z,2025-11-13T17:02:31Z,1463,3,3,1,12,Apache License 2.0,main,
nlesc-nano/CAT,169708827,False,2019-02-08T09:06:13Z,2025-06-16T15:28:17Z,2025-06-05T12:49:21Z,25660,20,20,2,16,Other,master,automation;chemistry;molecular-mechanics;python;quantum-mechanics;science;scientific-workflows
nlesc-nano/ceiba,297567281,False,2020-09-22T07:17:13Z,2023-05-09T13:34:05Z,2023-12-11T21:35:44Z,516,4,4,1,6,Apache License 2.0,main,graphql;python;scientific-computing;web-service;workflow-automation
nlesc-nano/ceiba-cli,296641388,False,2020-09-18T14:17:06Z,2023-05-09T13:34:29Z,2023-05-09T13:34:25Z,252,1,1,1,2,Apache License 2.0,main,client;command-line;web-service
nlesc-nano/flamingo,300545275,False,2020-10-02T08:07:12Z,2021-12-03T13:26:05Z,2024-02-05T10:07:24Z,15959,1,1,1,3,Apache License 2.0,main,insilico;molecular-simulation;nanomaterials;quantum-chemistry
nlesc-nano/swan,191957101,False,2019-06-14T14:29:57Z,2023-06-30T20:45:53Z,2023-05-09T13:36:29Z,158941,14,14,1,7,Apache License 2.0,main,machine-learning;material-science;python;quantum-chemistry
nlesc-recruit/PowerSensor3,455610726,False,2022-02-04T16:05:47Z,2025-09-30T13:25:04Z,2025-09-09T06:16:33Z,13928,9,9,0,5,Apache License 2.0,main,
nlesc-recruit/ccglib,992025728,False,2025-05-28T14:00:15Z,2025-11-07T08:46:50Z,2025-11-13T13:53:50Z,273,6,6,0,16,Apache License 2.0,main,
nlesc-recruit/cudawrappers,424944643,False,2021-11-05T12:42:42Z,2025-11-06T10:49:56Z,2025-11-10T18:41:49Z,469,7,7,6,20,Apache License 2.0,main,accelerator;amd;cpp;cuda;driver-api;gpu;gpu-computing;hip;library;nvidia;rocm
nlesc-sherlock/emma,81752841,False,2017-02-12T19:57:58Z,2020-08-27T12:41:17Z,2019-10-17T14:43:10Z,563,3,3,4,37,Apache License 2.0,master,
nlesc-smcm/i-emic,170863374,False,2019-02-15T12:42:48Z,2023-11-26T07:46:28Z,2023-10-31T15:00:15Z,5217,6,6,8,38,Apache License 2.0,master,
nlesc/scriptcwl,70679474,False,2016-10-12T08:30:20Z,2022-05-28T11:02:37Z,2020-04-29T15:44:58Z,360,40,40,9,17,Apache License 2.0,master,cwl;python;workflow
nlppln/nlppln,65198876,False,2016-08-08T11:29:33Z,2025-09-30T06:30:48Z,2019-04-22T14:12:17Z,272,35,35,3,11,Apache License 2.0,master,cwl;nlp;pipeline;text-mining;workflow
nwo-strap/excel-to-fhir,708877937,False,2023-10-23T15:08:09Z,2025-05-22T21:00:50Z,2024-07-05T07:59:53Z,76,2,2,0,0,Apache License 2.0,main,
nwo-strap/gamebus-fhir-layer,465322285,False,2022-03-02T13:42:54Z,2024-12-16T11:59:21Z,2024-06-21T09:10:53Z,10944,3,3,0,0,Apache License 2.0,main,fair;fhir;healthcare-data
obeliss-nlesc/otree-docker,678339689,False,2023-08-14T10:22:21Z,2024-08-29T10:40:28Z,2024-08-29T10:40:25Z,21,0,0,0,1,Apache License 2.0,main,
obeliss-nlesc/otree-experiments,724050645,False,2023-11-27T09:47:03Z,2024-09-18T08:54:59Z,2024-09-18T08:54:55Z,1371,0,0,2,3,MIT License,main,
obeliss-nlesc/otree-waiting-room,679296891,False,2023-08-16T14:22:55Z,2024-08-12T13:16:40Z,2024-08-12T13:16:37Z,671,0,0,0,10,Apache License 2.0,main,
obiba/agate,20025470,False,2014-05-21T15:01:46Z,2025-11-09T11:39:16Z,2025-11-09T11:39:14Z,33832,4,4,7,4,GNU General Public License v3.0,master,
obiba/mica2,18178675,False,2014-03-27T14:29:14Z,2025-11-09T17:58:41Z,2025-11-09T18:12:01Z,61368,11,11,15,33,GNU General Public License v3.0,master,
obiba/opal,6372312,False,2012-10-24T15:35:10Z,2025-11-09T11:56:50Z,2025-11-09T11:56:49Z,194137,30,30,20,21,GNU General Public License v3.0,master,
omuse-geoscience/omuse,244633552,False,2020-03-03T12:43:52Z,2025-01-08T15:36:36Z,2024-09-03T22:29:26Z,42067,19,19,12,32,Apache License 2.0,master,earth-science;oceanography;python
online-behaviour/find-journalists,87090173,False,2017-04-03T15:31:46Z,2025-04-16T06:04:56Z,2021-04-22T19:04:51Z,28,2,2,2,0,Apache License 2.0,master,
online-behaviour/machine-learning,87834727,False,2017-04-10T16:45:02Z,2025-04-16T06:07:36Z,2021-04-28T13:58:17Z,237,3,3,2,0,Apache License 2.0,master,
openPSTD/openPSTD,23824244,False,2014-09-09T07:44:29Z,2025-10-09T09:43:40Z,2019-02-12T17:03:35Z,181678,37,37,17,65,GNU General Public License v3.0,master,
openchrom/openchrom,202303561,False,2019-08-14T08:02:42Z,2025-11-13T12:38:00Z,2025-11-13T12:37:56Z,50654,104,104,29,11,Eclipse Public License 2.0,develop,chromatography;mass-spectrometry;nmr;nmr-spectroscopy;open-source
overture-stack/arranger,114295302,False,2017-12-14T20:54:13Z,2025-11-11T21:50:09Z,2025-10-22T16:32:20Z,43329,29,29,25,71,GNU Affero General Public License v3.0,main,data-portal;data-portal-frontends
overture-stack/dms,279919996,False,2020-07-15T16:27:30Z,2021-12-16T19:33:23Z,2024-05-16T15:56:34Z,22933,0,0,1,34,GNU Affero General Public License v3.0,develop,hacktoberfest
overture-stack/ego,106007715,False,2017-10-06T13:28:01Z,2024-11-22T01:19:02Z,2025-04-21T13:16:57Z,6744,26,26,14,71,GNU Affero General Public License v3.0,develop,authentication;hacktoberfest;permission-manager
overture-stack/maestro,174205436,False,2019-03-06T19:15:35Z,2025-05-30T15:57:25Z,2025-07-08T15:04:05Z,3306,0,0,0,28,GNU Affero General Public License v3.0,master,indexer;kafka;lyric-indexer;song-indexer
overture-stack/score,32954678,False,2015-03-26T22:13:07Z,2025-10-16T14:35:29Z,2025-10-16T14:35:27Z,48971,18,18,11,63,GNU Affero General Public License v3.0,develop,
overture-stack/song,88564592,False,2017-04-18T00:49:59Z,2025-10-16T14:30:16Z,2025-10-16T14:30:12Z,16629,12,12,5,91,GNU Affero General Public License v3.0,develop,
parallelwindfarms/byteparsing,203130084,False,2019-08-19T08:23:43Z,2024-12-15T14:59:47Z,2023-04-25T14:53:46Z,7729,3,3,0,4,Apache License 2.0,master,
parallelwindfarms/parareal,553045678,False,2022-10-17T16:19:13Z,2022-10-18T08:30:16Z,2023-03-13T08:46:26Z,1832,0,0,0,1,Apache License 2.0,main,
pathvisio/pathvisio,64228474,False,2016-07-26T14:34:59Z,2025-08-18T09:44:43Z,2025-01-22T19:13:41Z,189907,25,25,22,103,Apache License 2.0,master,
phac-nml/irida,46820258,False,2015-11-24T21:40:11Z,2025-08-25T16:32:40Z,2025-04-07T18:10:20Z,480334,43,43,33,175,Apache License 2.0,development,
phenology/cgc,279579617,False,2020-07-14T12:31:19Z,2025-05-22T19:26:10Z,2023-12-12T14:50:14Z,14616,20,20,3,1,Apache License 2.0,master,
phenology/dumme,636226038,True,2023-05-04T11:35:01Z,2024-04-16T04:24:18Z,2024-01-30T08:12:05Z,13422,2,2,0,3,MIT License,main,
phenology/springtime,541541524,False,2022-09-26T11:04:17Z,2024-05-24T10:49:20Z,2024-05-24T10:49:25Z,10989,3,3,2,20,Apache License 2.0,main,machine-learning;phenology;python
phenotips/phenotips,2685841,False,2011-11-01T05:55:21Z,2025-08-10T04:42:08Z,2022-05-03T21:42:54Z,1662157,103,103,64,7,GNU Affero General Public License v3.0,master,hpo;java;patients;phenotips
pism/pism,2711548,False,2011-11-04T19:03:37Z,2025-11-13T20:29:31Z,2025-11-14T00:45:05Z,122063,115,115,51,34,GNU General Public License v3.0,main,c-plus-plus;climate;geophysics;glacier;ice-sheet;mpi;numerical;parallel;petsc;python;scientific-computing;sea-level;sphinx
point-cloud-radar/bird-cloud-gnn,601068733,False,2023-02-13T09:53:44Z,2024-05-08T05:07:38Z,2025-11-10T21:15:44Z,146,8,8,3,39,Apache License 2.0,main,graph-neural-networks;machine-learning;meteorological-data;point-cloud
puregome/notebooks,256566641,False,2020-04-17T17:22:55Z,2023-03-07T09:36:56Z,2023-03-20T10:24:13Z,83126,3,3,1,0,Apache License 2.0,master,covid-19;tweets;twitter
qc2nl/qc2,608545357,False,2023-03-02T08:38:44Z,2025-11-11T09:21:42Z,2025-11-11T09:21:39Z,31188,3,3,2,21,Apache License 2.0,main,
quantumapplicationlab/hhl-prototype,757445231,False,2024-02-14T14:08:57Z,2025-09-03T20:27:09Z,2024-12-04T12:57:14Z,377,3,3,2,1,Apache License 2.0,main,
quantumapplicationlab/quantumnewtonraphson,743536041,False,2024-01-15T12:54:25Z,2025-10-01T04:12:18Z,2024-11-29T16:19:25Z,568,2,2,0,2,Apache License 2.0,main,
quantumapplicationlab/qubols,757451695,False,2024-02-14T14:23:15Z,2024-12-13T09:38:36Z,2024-12-13T09:38:31Z,4484,0,0,0,1,Apache License 2.0,master,
quantumapplicationlab/qubops,851635663,False,2024-09-03T13:04:40Z,2024-12-16T14:38:18Z,2024-12-16T14:37:25Z,1415,0,0,0,0,Apache License 2.0,master,
quantumapplicationlab/wntr-quantum,791241276,False,2024-04-24T11:02:34Z,2024-12-16T15:08:14Z,2024-12-16T15:08:11Z,16769,0,0,0,5,Apache License 2.0,main,
recipy/recipy,32976962,False,2015-03-27T09:07:42Z,2025-10-10T17:45:40Z,2022-01-12T23:24:38Z,1154,435,435,42,90,Apache License 2.0,master,database;provenance;python;recipy;reproducible-research;science
ree-hdsc/ree-hdsc,617097581,False,2023-03-21T17:38:04Z,2024-07-11T08:28:13Z,2024-07-11T08:28:10Z,861,0,0,0,0,Apache License 2.0,master,
research-software-directory/RSD-as-a-service,413814951,False,2021-10-05T12:47:28Z,2025-11-11T09:22:12Z,2025-11-13T10:57:52Z,202164,38,38,22,127,,main,
rezeebe/orbitN,646546909,False,2023-05-28T18:37:02Z,2025-09-08T13:20:42Z,2025-05-16T00:01:17Z,2474,4,4,0,0,GNU General Public License v3.0,main,
rezeebe/snvec,625403937,False,2023-04-09T02:11:33Z,2023-06-24T16:59:15Z,2023-06-24T16:59:10Z,53,0,0,0,0,GNU General Public License v3.0,main,
roblib/rdm-playbook,152436775,True,2018-10-10T14:25:25Z,2020-06-24T13:08:24Z,2021-10-29T19:31:28Z,516,0,0,0,0,MIT License,dev,islandora8;rdm-085
root-project/root,10994345,False,2013-06-27T10:46:59Z,2025-11-13T21:24:34Z,2025-11-13T21:24:28Z,1519261,3018,3018,1397,719,Other,master,c-plus-plus;cling;data-analysis;geometry;graphics;hacktoberfest;interpreter;machine-learning;mathematics;parallel;physics;python;root;root-cern;statistics;visualization
sanctuuary/ape,227861653,False,2019-12-13T14:50:58Z,2025-10-27T10:02:50Z,2025-11-04T14:17:07Z,65100,18,18,9,22,Apache License 2.0,main,automated-pipeline;java;program-synthesis;workflow-synthesis
sanctuuary/restape,610852282,False,2023-03-07T15:59:34Z,2025-10-01T08:23:25Z,2025-11-01T10:02:43Z,375,0,0,1,22,Apache License 2.0,main,
sedtrails/sedtrails,892618707,False,2024-11-22T13:06:01Z,2025-10-31T10:56:24Z,2025-10-31T11:04:16Z,23967,3,3,10,55,MIT License,dev,coastal-engineering;langrangian;reseach;sediment-transport;simulations;visualization
sfu-ireceptor/gateway,95588395,False,2017-06-27T18:25:57Z,2025-11-03T18:40:40Z,2025-09-30T21:44:26Z,12590,3,3,0,1,GNU Lesser General Public License v3.0,master,
simphony/reaxpro-framework-ontology,668751856,False,2023-07-20T14:08:46Z,2025-07-18T11:39:52Z,2023-10-26T11:14:50Z,311,1,1,1,0,Other,main,
simphony/reaxpro-wrappers,666447323,False,2023-07-14T14:39:20Z,2025-07-18T11:40:00Z,2023-10-04T19:54:51Z,9302,1,1,1,1,Other,main,
spex-xray/pyspextools,112303445,False,2017-11-28T07:49:31Z,2025-08-25T16:40:12Z,2025-05-21T08:19:46Z,6255,15,15,1,0,Apache License 2.0,master,
spokenlanguage/platalea,239750248,False,2020-02-11T11:53:29Z,2023-06-04T08:17:23Z,2022-04-13T05:52:23Z,3172,3,3,1,17,Apache License 2.0,master,deep-neural-networks;flickr8k;multi-tasking;multimodal-learning;pytorch;speech-processing;spoken-language-understanding;spokencoco;visually-grounded-speech;weakly-supervised-learning
surf-eds/one-button-compute,43488461,False,2015-10-01T09:31:05Z,2018-03-23T09:59:23Z,2018-03-23T09:59:21Z,65,1,1,1,8,Apache License 2.0,master,
theochem/chemtools,187507155,False,2019-05-19T17:26:28Z,2025-09-02T02:19:33Z,2024-05-23T18:54:46Z,11181,52,52,23,8,GNU General Public License v3.0,master,atoms-in-molecules;conceptual-dft;density-matrices;kinetic-energy-density;molecular-orbital-theory;population-analysis
theochem/horton,2097463,False,2011-07-24T17:48:17Z,2025-09-19T19:25:20Z,2025-02-11T01:30:42Z,31180,99,99,40,37,GNU General Public License v3.0,master,
tilbotio/tilbot-main,557516216,False,2022-10-25T20:37:59Z,2024-11-17T19:54:28Z,2025-01-16T13:46:28Z,1244,0,0,4,1,GNU General Public License v3.0,main,
tortellini-tools/action,364249421,False,2021-05-04T12:31:29Z,2022-04-19T12:45:30Z,2022-02-02T14:21:53Z,1445,3,3,6,38,Apache License 2.0,main,
tpronk/splithalfr,188296890,False,2019-05-23T19:49:00Z,2025-08-29T01:19:20Z,2025-05-04T22:54:25Z,3480,7,7,2,1,GNU Lesser General Public License v3.0,main,
transientskp/tkp,4393078,False,2012-05-21T12:01:49Z,2025-06-21T15:17:53Z,2024-10-07T17:00:39Z,16063,20,20,15,35,"BSD 2-Clause ""Simplified"" License",master,
twinl/website,110261678,False,2017-11-10T15:23:58Z,2021-04-22T19:06:45Z,2021-04-22T19:06:41Z,58405,0,0,0,0,Apache License 2.0,master,
ubc-library/geodisy,167594750,False,2019-01-25T18:34:00Z,2025-02-21T22:51:22Z,2023-03-05T10:24:05Z,742501,17,17,4,25,Other,master,
umcu/ValidSense,979341214,False,2025-05-07T11:15:07Z,2025-09-15T08:21:05Z,2025-05-15T13:05:58Z,8488,2,2,0,0,MIT License,main,
umple/umple,41397174,False,2015-08-26T01:29:27Z,2025-11-02T20:08:50Z,2025-11-11T22:45:05Z,106448,267,267,202,339,MIT License,master,class-diagram;code-generation;editor;low-code;modeling;state-machine;uml;umple
undark-lab/swyft,266882295,False,2020-05-25T21:19:48Z,2025-05-20T17:26:57Z,2024-03-30T06:19:33Z,398954,164,164,17,20,Other,master,likelihood-free-inference;machine-learning;marginal-neural-ratio-estimation;neural-ratio-estimation;parameter-estimation;python;pytorch;simulation-based-inference;truncated-neural-ratio-estimation
usask-rc/radiam,237302758,False,2020-01-30T20:48:56Z,2022-02-22T17:58:38Z,2022-04-19T15:01:50Z,27279,2,2,1,0,MIT License,master,
uw-comphys/opencmp,351890311,False,2021-03-26T19:25:26Z,2025-09-04T09:15:35Z,2024-03-23T21:01:47Z,8992,30,30,15,7,GNU Lesser General Public License v2.1,main,computational-fluid-dynamics;finite-element-methods;modeling;simulation
vantage6/vantage6,492818831,False,2022-05-16T12:09:26Z,2025-11-12T12:04:52Z,2025-11-13T13:29:51Z,51878,41,41,16,314,Apache License 2.0,main,
vcjdeboer/seahtrue,546006215,False,2022-10-05T11:05:23Z,2025-10-28T14:03:26Z,2025-11-07T10:34:03Z,42537,1,1,1,1,,main,
votca/xtp,50048374,False,2016-01-20T17:47:47Z,2023-03-23T10:40:34Z,2021-09-28T04:24:58Z,44301,29,29,15,0,,master,computational-chemistry;computational-physics;excited-states;gw-bse;multiscale-simulation;quantum-chemistry;quantum-classical
wadpac/GGIR,88166964,False,2017-04-13T13:20:23Z,2025-10-16T14:50:12Z,2025-11-07T12:24:05Z,38956,125,125,65,27,Apache License 2.0,main,accelerometer;activity-recognition;circadian-rhythm;movement-sensor;sleep
workflomics/workflomics-frontend,594054560,False,2023-01-27T13:50:15Z,2025-06-13T16:29:09Z,2025-06-13T16:29:06Z,51694,3,3,3,15,Apache License 2.0,main,
xarray-contrib/xarray-regrid,674567999,False,2023-08-04T08:59:17Z,2025-10-21T13:40:01Z,2025-09-15T08:35:16Z,80379,94,94,9,10,Apache License 2.0,main,
xenon-middleware/pyxenon,47132292,False,2015-11-30T16:44:52Z,2024-01-16T13:04:13Z,2019-09-16T08:28:55Z,129524,6,6,1,2,Apache License 2.0,master,
xenon-middleware/xenon,9236864,False,2013-04-05T08:24:15Z,2025-05-09T08:14:51Z,2024-05-30T11:29:26Z,58169,36,36,17,32,Apache License 2.0,master,batch-job;java;library;middleware
xenon-middleware/xenon-docker-images,95662898,False,2017-06-28T11:44:52Z,2025-10-10T07:11:53Z,2025-10-21T08:29:19Z,457,6,6,6,24,Apache License 2.0,master,
yasgui-with-rosemary/app,914423135,False,2025-01-09T15:11:52Z,2025-03-05T20:02:49Z,2025-02-18T14:06:39Z,3774,4,4,0,2,MIT License,main,autocomplete;autocompletion;faceted-search;filters;in-browser-javascript;javascript;linked-data;linked-open-data;sparql;sparql-query;sparql-query-builder;yasgui
yatiml/yatiml,147202299,False,2018-09-03T12:31:02Z,2025-08-19T15:14:05Z,2025-08-19T15:14:02Z,446,9,9,4,13,Apache License 2.0,develop,
